id,source,split,num_gt_spans,num_pred_spans,correct,missing_spans,extra_spans,text
viocd_test_4,viocd,test,0,0,1,,,hàng cũng được nhưng vãi hơi mỏng
viocd_test_5,viocd,test,0,0,1,,,không như ý muốn
viocd_test_6,viocd,test,0,0,1,,,sao tôi dịch tiếng nhật mà nó vẫn ra tiếng nhật tôi chỉ cho   1star
viocd_test_8,viocd,test,5,5,0,[53:58:COMP] | [1:11:COMP],[5:11:COMP] | [0:5:COMP],"tiki huỷ đơn hàng rồi không hoàn tiền cho khách hàng, gọi điện cs không nghe máy, viết mail trả lời tự động cho khách hàng một cách vô trách nhiệm. thiếu nhân viên không giao được hàng thì việc tối th"
viocd_test_10,viocd,test,3,1,0,[14:16:COMP] | [17:31:COMP] | [39:41:COMP],[14:41:COMP],"game play cực hay, đồ hoạ rất đẹp, khen ông design,... có điều là khó chịu với cái cơ chế triệu hồi vật phẩm các thứ bằng chúa khoá quá đắt, chỉ có 2 loại rương để mở thì hơi chán. đa số các gamer đều"
viocd_test_11,viocd,test,0,0,1,,,đẹp nhưng màu hơi không giống hình chút thui...
viocd_test_12,viocd,test,3,4,0,[39:43:COMP] | [0:7:COMP] | [44:66:COMP],[0:11:COMP] | [26:34:COMP] | [39:44:COMP] | [44:60:COMP],"tài khoản facebOk bị vô hiệu hoá một cách ngu xuẩn. facebOk là ứng dụng giúp tôi giải trí và trò chuyện với mọi người. nhưng giờ nó yêu cầu cả quyền cung cấp cmnd, gplx, V... bla bla... bảo mật yếu ké"
viocd_test_14,viocd,test,3,3,1,,,"dép đi hơi trơn trợt, mang lâu chút là đỗ mồ hôi, rít chân. không hài lòng"
viocd_test_15,viocd,test,1,0,0,[5:11:COMP],,mỗi lần vẽ nó cứ rung điện thoại rất khó chs mong nhà sảng xuất kiểm tra lại
viocd_test_17,viocd,test,0,0,1,,,"ứng dụng rất hay. nhưng mình thấy phần dịch nhật-việt lên để chỉ dịch ra tiếng việt, vì hầu hết mọi người không biết tiếng anh. để ý nghĩa tiếng anh sang phần dịch nhật-anh thì hợp lý hơn."
viocd_test_20,viocd,test,5,3,0,[46:62:COMP] | [7:27:COMP] | [38:42:COMP],[37:49:COMP],"vào các mục tìm kiếm rất chậm. tin nhắn mấy ngày mới thấy kiểm tra đơn hàng cũng phải đợi hơn nữa giờ mới thấy  được , vô cùng bất tiện trước thích bao nhiều yêu  thì giờ chán bấy nhiêu mong admin xem"
viocd_test_21,viocd,test,0,0,1,,,hay nhưng nhà phát hành cho thêm hiệu ứng tự cập nhật phiên bản mới nhất cho điện thoại với lại như vậy có lẽ nó sẽ hay hơn nhiều à mong nhà phát hành cho thêm cách kiếm xu mini để trẻ nhỏ chơi nữa và
viocd_test_25,viocd,test,0,0,1,,,màu đẹp nhưng sản xuất tại trung quốc quốc nên chỉ make đăng chân để mặc váy.
viocd_test_27,viocd,test,4,5,0,[12:24:COMP] | [47:57:COMP] | [60:70:COMP],[0:5:COMP] | [12:30:COMP] | [61:69:COMP] | [51:56:COMP],"quá tệ,hàng hay bị lỗi,còn giao hàng cục đá tới nữa chứ, trả đổi hàng lại gần cả tháng chả thấy hồi âm, điện thoại lên thì không trả lời, sử dụng cũng gần 2 năm mua rất nhiều đồ nhưng kể từ vài tháng "
viocd_test_31,viocd,test,0,0,1,,,"đơn hàng có quà tặng mà nhận được có kem ko, chả thấy quà đâu 🙄"
viocd_test_33,viocd,test,3,3,0,[0:3:COMP] | [3:8:COMP],[20:25:COMP] | [3:4:COMP],"kem chất lượng, đúng màu đóng gói tệ, không bao bọc túi khí mà để trần vậy luôn, may là không có hư hỏng gì"
viocd_test_35,viocd,test,0,0,1,,,ứng dụng hay nhưng cập nhật sửa lỗi không thể nhận dạng giọng nói rồi mà aP của mình vẫn không thể nhận dạng giọng nói trong luyện tập hội thoại được
viocd_test_37,viocd,test,0,0,1,,,aD giúp mình với .line trên máy điện thoại mình người khác gọi điện đến thì nghe thấy tiếng. còn mình gọi đi thì không nghe thấy gì. mình dùng phiên bản mới nhất .
viocd_test_38,viocd,test,3,6,0,[49:56:COMP] | [21:27:COMP] | [43:49:COMP],[21:26:COMP] | [26:33:COMP] | [48:56:COMP] | [39:48:COMP] | [35:39:COMP] | [15:21:COMP],"da mình thâm mụn có việc cần dùng liên tục trong 3 ngày thôi mà skin quan tâm đủ kiểu về bị nổi thêm một đống, không khuyến khích các bạn da mụn, kể cả bị thâm dùng nhé. bao bì  sản phẩm  không tạo độ"
viocd_test_39,viocd,test,3,2,0,[0:3:COMP] | [3:15:COMP] | [17:24:COMP],[3:14:COMP] | [0:2:COMP],pó tay . hình ảnh  quả người cáo và nhận như cái quần què .   1star   . tiền nào thì hàng như vậy .
viocd_test_40,viocd,test,3,3,0,[0:6:COMP] | [14:25:COMP],[14:15:COMP] | [0:1:COMP],cửa hàng  gói hàng không kĩ cộng thêm nắp chai không được cho lắm. chất kem xài bị lộ vân kem và khô da nhé
viocd_test_41,viocd,test,1,0,0,[0:3:COMP],,giao nhầm đồ rồi  cửa hàng  ơi
viocd_test_42,viocd,test,3,0,0,[43:47:COMP] | [14:27:COMP] | [59:65:COMP],,"tôi rất cảm ơn nhà sản suất, trò chơi này rất tuyệt. nhưng về hình vẽ tôi cảm thấy chúng chưa được đẹp mắt cho lắm. tôi mong nhà sản suất cố gắng . và còn phần các loại lính riêng tôi thấy còn khá ít,"
viocd_test_44,viocd,test,4,0,0,[26:47:COMP] | [47:55:COMP] | [56:64:COMP] | [20:21:COMP],,"tôi đồng với tất cả mội người vì tôi cũng vậy, khi vào game chơi ngon độ hoạ cũng đẹp lag. máy tôi là galaxy a30. nó có cái item để thây đổi quốc gia, từ trung quốc sang nhật nó không có cảnh báo gì h"
viocd_test_47,viocd,test,4,4,0,[67:74:COMP] | [10:21:COMP],[22:24:COMP] | [10:22:COMP],vì sao tôi lại chỉ cho 4 sao! thứ 1: game toàn những sever mới muốn đăng nhập cũng không  được . thứ 2: cách đăng nhập tên quá bẩn lúc có tên người ta chưa có thì nó bảo kí tự không hợp lệ thứ 3: toàn
viocd_test_49,viocd,test,0,1,0,,[5:9:COMP],đầm nhìn mẩu đẹp nhưng vải không ưng lắm  cửa hàng  nhé
viocd_test_55,viocd,test,0,0,1,,,"đặt màu đen  cửa hàng  giao màu trắng, có nhắn tin xin lỗi khách, giải quyết vấn đề nhanh chóng, thích cách phục vụ của  cửa hàng  này"
viocd_test_57,viocd,test,1,0,0,[0:3:COMP],,rộng không vừa ạ
viocd_test_58,viocd,test,0,0,1,,,không giống hình lắm. nhưng được
viocd_test_59,viocd,test,4,0,0,[12:17:COMP] | [64:66:COMP] | [22:56:COMP] | [5:7:COMP],,"đây là một phần mềm lừa đảo, mọi người đừng bị gạt, mình đã bị lừa 499k mua một năm học phí, chuyển tiền qua ngân hàng vpbank, nạp ngay tại ngân hàng từ 8h sáng mà đến tối vẫn còn kiểm tra tiền có vào"
viocd_test_60,viocd,test,0,0,1,,,tôi mới cho con học thử thấy rất hay nhưng nếu có thêm phần nghe trẻ phát âm đúng hay sai nữa thì càng tuyệt ạ
viocd_test_66,viocd,test,0,0,1,,,đồ không đúng mẫu nhưng cũng  được 😛
viocd_test_67,viocd,test,0,0,1,,,"game rất hay, các con vật rất dễ thương, nhất là bé gấu trúc, nhưng mong nhà phát hành chỉnh sửa lại con bò để cho dễ nhận biết hơn, tôi rất thích tựa game này đúng với sở thích sinh tồn của tôi. mong"
viocd_test_69,viocd,test,2,3,0,[8:12:COMP],[6:7:COMP] | [8:14:COMP],"màn hình hơi lỗi cảm ứng, đôi khi bị liệt cảm ứng ở góc trên bên phải màn hình"
viocd_test_70,viocd,test,0,0,1,,,quần đẹp nhưng siZle hơi bự
viocd_test_71,viocd,test,0,0,1,,,monkey  gì unior rất hay và hữu ích. nhưng người việt mình học tiếng anh. tôi nghĩ cần bổ sung phiên dịch sang tiếng viêt( tiếng việt đi kèm trong ngôn ngữ tiếng anh) thì tốt quá
viocd_test_72,viocd,test,0,0,1,,,em đặt mà không có thấy tặng son kèm theo  cửa hàng  ơi :(((
viocd_test_74,viocd,test,8,2,0,[3:4:COMP] | [51:61:COMP] | [9:11:COMP] | [39:50:COMP] | [72:78:COMP] | [31:37:COMP] | [15:29:COMP],[51:69:COMP],khất khó chịu đổi điểm yến tiệc tự động re tươi  thì người chơi phải on thích mới  được  tính vào thời gian đó chả nhẽ lại xoá game  positive ) game thì hút máu  positive ) bản 1.0.1 đổi tài khoản gOg
viocd_test_76,viocd,test,1,0,0,[8:15:COMP],,hàng y hình vải mềm có đều em đặt màu đen mà giao hồng nha😙😙 anh giao hàng thân thiện nhiệt tình
viocd_test_81,viocd,test,1,1,0,[0:3:COMP],[0:4:COMP],giao không đúng kem nền đã đặt
viocd_test_84,viocd,test,5,4,0,[4:9:COMP] | [59:68:COMP] | [14:29:COMP] | [30:45:COMP],[29:30:COMP] | [4:5:COMP] | [5:12:COMP],game rất hay nhưng tôi rất bức xúc vì một số lỗi. tôi đang xài một con máy tệ chơi thì đứng yên màn hình không di chuyển được. nhưng khi tôi đổi một con máy cao hơn thì tình trạng này vẫn tiếp tục. và
viocd_test_86,viocd,test,0,0,1,,,nó cứ gì gì í...
viocd_test_87,viocd,test,2,0,0,[0:3:COMP] | [7:13:COMP],,mau rách lắm chị gì  ạ em mặc có lần là rách rồi
viocd_test_88,viocd,test,3,3,0,[24:28:COMP] | [17:24:COMP],[5:13:COMP] | [17:28:COMP],"game hay, giải trí. nhưng cập nhật lên chưa kiểm tra kĩ lắm. đánh ải dựt, chậm. một số chức năng lỗi dừng aP, phải đăng nhập lại. mong admin khắc phục để người chơi có trải nghiệm tốt hơn. cảm ơn."
viocd_test_89,viocd,test,1,2,0,[6:14:COMP],[0:1:COMP] | [12:20:COMP],ứng dụng chưa được hoàn thiện bluetOth lúc nào cũng bật mà không báo chỉ khi nào vào ứng dụng và mọi người quét thì mới phát hiện có bao nhiêu người quanh bạn
viocd_test_90,viocd,test,1,0,0,[0:3:COMP],,chất không tốt
viocd_test_92,viocd,test,0,0,1,,,đặt  cỡ  40 giao 39. chật
viocd_test_95,viocd,test,0,0,1,,,dat một noi giao hang một duong  cửa hàng  lam an nhu ke
viocd_test_97,viocd,test,3,5,0,[4:24:COMP] | [24:49:COMP] | [49:67:COMP],[18:24:COMP] | [31:50:COMP] | [28:31:COMP] | [52:65:COMP] | [24:25:COMP],"nhân viên hỗ trợ chỉ nhắn một mail chung chung chả giải quyết vấn đề gì, sau đó không  trả lời  mail của tôi. nhân viên giao hàng không gọi điện, không đến giao hàng nhưng vẫn báo là người nhận vắng n"
viocd_test_99,viocd,test,2,1,0,[17:19:COMP] | [0:3:COMP],[0:5:COMP],sốp làm ăn kỳ quá mua 3 đôi mà giao có 2 đôi tính tiền 3 đôi lừa đảo
viocd_test_103,viocd,test,0,0,1,,,game rất hay nhưng mong nhà xuất bản nên cập nhật minecraft thêm những cái mới
viocd_test_105,viocd,test,0,0,1,,,không phải mẫu em chọn em gửi trả lại
viocd_test_106,viocd,test,1,0,0,[0:4:COMP],,tôi muốn trả hàng vì mặc không vừa
viocd_test_109,viocd,test,3,2,0,[11:15:COMP] | [42:47:COMP],[10:17:COMP],"ứng dụng tốt nhưng nhiều tài xế thiếu chuyên nghiệp, có thái độ lồi lõm với khách, đặc biệt là mỗi khi tôi đi grab mà có khuyến mãi là ý như rằng tôi xin tiền của tài xế không bằng á, nói móc mẻ, mỉa "
viocd_test_110,viocd,test,0,0,1,,,không tốt cho lắm
viocd_test_112,viocd,test,0,0,1,,,"game hay, nhưng tôi xin góp ý là game nên sửa một tý là nên cho mọi người đánh tên bản nhạc mà mình  thích  rồi admin của game sẽ tìm ra bản nhạc đấy và cho người tìm bản nhạc đánh bản nhạc mà mình  t"
viocd_test_113,viocd,test,5,3,0,[3:4:COMP] | [0:3:COMP] | [56:61:COMP] | [46:53:COMP] | [40:43:COMP],[38:40:COMP] | [40:61:COMP] | [0:4:COMP],dịch vụ quá tệ!chả trách bạn tôi thường mua hàng nhưng chả bao giờ khuyến khích bọn tôi mua hàng của tiki. tôi và gia đình sẽ không bao giờ mua hàng của trang này lần nào nữa. quá tệ! hàng lỗi mà thu 
viocd_test_114,viocd,test,2,1,0,[4:18:COMP] | [0:3:COMP],[0:4:COMP],giao hàng không đúng. mua sản phẩm có đính kèm quà tặng nhưng không hề nhận  được  quà tặng
viocd_test_117,viocd,test,1,1,0,[0:11:COMP],[0:1:COMP],không thấy quà tặng theo là như nào lừa đảo à ???
viocd_test_118,viocd,test,0,0,1,,,rất đẹp vải không được đẹp lắm nhưng được
viocd_test_120,viocd,test,2,0,0,[8:15:COMP] | [23:27:COMP],,"quyết định cho nph  5star   vì game hay, dù hình ảnh bị lỗi rất nhiều. mong nph sớm đăng hạn sử dụng  để khắc phục lỗi ạ!"
viocd_test_122,viocd,test,0,0,1,,,không có tặg quà 😢
viocd_test_123,viocd,test,1,0,0,[0:2:COMP],,vải xấu
viocd_test_125,viocd,test,4,1,0,[23:38:COMP] | [15:19:COMP] | [38:42:COMP],,tôi thấy bên nph game nên thay đổi lại phần thưởng trong đua top bang .quá bất công cho thành viên trong bang khi cả bang đua top mà bang chủ phần thưởng lại được nhiều hơn nhiều. không bằng nhau thì 
viocd_test_129,viocd,test,1,0,0,[0:7:COMP],,đồ giao không đúng mẫu đã đặt.
viocd_test_130,viocd,test,3,1,0,[47:59:COMP] | [1:6:COMP] | [8:26:COMP],[0:1:COMP],"các chương trình  quả người cáo, nhất là   kết nối trái tim   hay kết đôi gì đó cực kì phiền phức và làm phiền người dùng! tôi dùng aP vì để liên lạc với người quen và người tôi cần liên hệ chứ không "
viocd_test_136,viocd,test,4,0,0,[35:44:COMP] | [14:18:COMP] | [57:62:COMP] | [9:12:COMP],,"một shiPer gọi tôi và bảo quán tôi đặt đã đóng cửa và để shiPer tự huỷ đơn. tôi gọi đến quán đó hỏi thì họ bảo vẫn mở cửa bình thường. cuối cùng thì shiPer đó tự ý làm thành công đơn hàng, cũng may tô"
viocd_test_138,viocd,test,5,8,0,[4:12:COMP] | [0:3:COMP] | [22:31:COMP],[40:41:COMP] | [31:36:COMP] | [0:4:COMP] | [4:5:COMP] | [23:31:COMP] | [22:23:COMP],tôi bị chặn like. thích bài viết của tôi cũng không được. tôi đã báo cáo sự cố rất nhiều nhiều lần. tôi không chụp ảnh bằng camera trong instagram được. chỉ được chỉnh sửa anh. tôi thấy rất phiền. mon
viocd_test_140,viocd,test,0,2,0,,[54:55:COMP] | [55:68:COMP],"thực sự thì cho mình hỏi là có chuyện gì đã xảy ra với game vậy aD ? có máy vào được game có máy lại không. mình đã xoá và tải lại thêm lần nữa để xem thế nào , vì lần nào vào cũng thấy hiển thị kính "
viocd_test_142,viocd,test,0,0,1,,,đặt màu xanh lá nhạt số 35  cửa hàng  giao màu hồng số 36 mà mình tìm mãi trong hình  cửa hàng  đăng không có màu và mẫu đó luôn mong  cửa hàng  cố gắng bán theo những gì mình đăng nha
viocd_test_143,viocd,test,0,0,1,,,sản phẩm  đẹp có đều thun quần nhỏ lắm ☹
viocd_test_145,viocd,test,6,4,0,[19:29:COMP] | [62:67:COMP] | [29:48:COMP],[40:48:COMP],phải cho   1star   thì mới cho đăng bình luận. hãm thật. grab giờ chắc không cần khách nữa rồi! viết bình luận thế này chắc gì họ đã đọc. chuyển tài khoản từ máy này sang máy khác dùng mà lỗi lên lỗi 
viocd_test_152,viocd,test,6,3,0,[10:11:COMP] | [0:7:COMP] | [15:30:COMP],,có tài khoản không đăng nhập được trên ứng dụng nhưng trên web lại được. lập tài khoản mới thì chưa xong đã bảo vô hiệu hoá do vi phạm. tôi chả hiểu đến tài khoản còn chưa lập được thì vi phạm cái gì.
viocd_test_153,viocd,test,2,4,0,[16:24:COMP],[26:34:COMP] | [16:26:COMP] | [0:9:COMP],đóng gói giao hàng không xem hay sao vay. đéo mẹ bi rách vậy cũng giao. bị duoi hay sao không thay vậy  cửa hàng . thang nao con nao đống gối hàng vay.dm
viocd_test_154,viocd,test,1,0,0,[8:16:COMP],,ứng dụng rất tốt và hữu ích. nhưng phần hỏi đáp còn chung chung quá ạ. nhiều người vẫn không biết địa điểm để test xét nghiệm nên em nghĩ cần có giải đáp chi tiết hơn.
viocd_test_156,viocd,test,3,5,0,[8:19:COMP],[8:15:COMP] | [15:19:COMP] | [5:7:COMP],"hàng nhận không giống mẫu, tà chéo mà hàng nhận 2 lớp tà ngang hết, vải bị xướt . thất vọng"
viocd_test_157,viocd,test,3,1,0,[21:46:COMP] | [46:61:COMP] | [11:19:COMP],[24:46:COMP],"các bạn cần cân nhắc trước khi mua hàng trên tiki. đặt hàng từ người bán nước ngoài nên yêu cầu thanh toán trước, thanh toán xong chờ 5 ngày sau không thấy bất kì một phản hồi nào của tiki về trạng th"
viocd_test_158,viocd,test,2,4,0,[3:12:COMP],[7:13:COMP] | [3:7:COMP] | [0:1:COMP],"hàng nhật mà không có tem và không có kẹp giấy bạc , cảm không yên tâm"
viocd_test_160,viocd,test,0,0,1,,,"có lần em vô lại khoá học bị mất hết, phải làm sao ạ ?"
viocd_test_161,viocd,test,1,0,0,[0:3:COMP],,giao hơi chậm nhung vải mịn hang đẹp
viocd_test_164,viocd,test,1,1,0,[1:3:COMP],[1:2:COMP],tệ. lừa gạt khách hàng
viocd_test_170,viocd,test,1,0,0,[0:3:COMP],,cỡ  hơi rộng ai đi 38 thì nên chọn 35 la đep.
viocd_test_172,viocd,test,3,2,0,[4:7:COMP] | [29:35:COMP] | [15:19:COMP],[7:10:COMP] | [0:7:COMP],tài khoản của tôi đã bị khoá. đăng nhập cũng như tạo tài khoản mới cũng không  được . mong twt có thể lấy lại tài khoản giúp tôi. nếu không lấy lại  được  thì xin làm cách nào đó để tôi có thể tạo một
viocd_test_173,viocd,test,5,0,0,[30:37:COMP] | [0:6:COMP] | [16:29:COMP] | [52:57:COMP] | [37:48:COMP],,giảm điểm chính tích thăng cấp hoặc cho thêm đIểm để thăng quan. chứ  gì  mà mỗi lần vượt ải hay xử lí chính vụ có 5 điểm hà. mà điểm thăng quan cần tới 1k mấy. đây mới có tòng lục phẩm thôi mà đã như
viocd_test_174,viocd,test,2,0,0,[24:29:COMP] | [20:24:COMP],,mình vừa xoá đi tải lại để chắc chắn là tải về phiên bản mới nhất và vẫn không thể sử dụng được phần tìm bằng hình ảnh :(
viocd_test_175,viocd,test,1,1,0,[7:21:COMP],[20:31:COMP],"từ trưa nay báo bảo trì xong tôi đăng nhập vào tài khoản gOgle của tôi liên tục thất bại, không thể kết nối tài khoản cũ vào game được nữa"
viocd_test_177,viocd,test,2,3,0,[23:36:COMP] | [12:23:COMP],[28:36:COMP] | [23:28:COMP] | [13:23:COMP],"ứng dụng rất tốt, có ích cho việc học và tra cứu. nhưng ứng dụng đã cập nhật phần dịch rất bất tiện. không thể dịch ngược lại, không còn có thể coPy đoạn vừa dịch. mong rằng các  quả nó trị viên có th"
viocd_test_179,viocd,test,3,2,0,[20:37:COMP],,"da mình hơi nhạy cảm, da thoa xong bị nổi mẫn đỏ, phải ngưng sử dụng ngay lập tức. đem thoa vết thâm ở chân thì phải một thời gian dài nhưng chưa thấy hiệu  quả  lắm"
viocd_test_182,viocd,test,3,1,0,[37:41:COMP] | [26:29:COMP] | [63:68:COMP],[0:10:COMP],tôi không hỉu thế nào đồ thì nhăn .mỗng như lá lúa đườg chỉ thì thưa quần thì ngắn không nói tuỳ theo chiều cao .cn đằg này dồ rất mỗng mua 2 bộ giốg nhau thì lại giao khác nhau là sao vậy hả rồi mặt 
viocd_test_185,viocd,test,0,0,1,,,chán
viocd_test_186,viocd,test,0,0,1,,,"game hay nhưng mà hãy thêm các chức năng chém lang, cầm hai tai, như trên minecraft pc thì sẽ hay hơn nhiều"
viocd_test_187,viocd,test,1,1,0,[1:3:COMP],[0:6:COMP],giao thiếu sản phẩm quà tặng
viocd_test_189,viocd,test,0,1,0,,[7:8:COMP],tại sao để là tặng mút mà lúc giao lại không thấy ạ?
viocd_test_190,viocd,test,5,5,0,[16:36:COMP] | [50:64:COMP] | [36:49:COMP] | [65:73:COMP],[51:59:COMP] | [26:32:COMP] | [59:74:COMP] | [32:35:COMP],làm ơn sửa cái con kaz dùm hộ tôi đéo mẹ nó quá là lỗi !!! các bác định cho nó thành brutus 4.0 à ?? khả né bất tử luôn thì đánh đấm gì ??? ải thì cho lực chiến ngất ngưởng không công bằng với người c
viocd_test_192,viocd,test,2,0,0,[21:36:COMP] | [58:64:COMP],,"bình chọn 3 sao vì đồ hoạ cực đẹp, chơi được thôi chứ không lâu dài bởi vì các nhiệm vụ quẩn quanh chặt cây, trồng cây mới rồi quét sân các thứ chán lắm rồi... mà puZle game này cũng không có kiểu ghé"
viocd_test_194,viocd,test,7,2,0,[3:5:COMP] | [16:35:COMP] | [35:45:COMP] | [0:3:COMP] | [45:55:COMP] | [55:61:COMP],[0:8:COMP],game quá tệ chơi thua fishdom rất nhiều. cửa quá khó lượt quá ít. không thì cửa dễ cho trái nổ thì nhiều cửa khó ra màu tào lao không ghép được trái nổ nào. một cửa có thể chơi trên 10 mạng không qua.
viocd_test_195,viocd,test,0,0,1,,,ứng dụng này rất giảm mình đọc đúng mà cho say
viocd_test_196,viocd,test,0,0,1,,,"đã nhận được hàng,  hạn sử dụng  ok, còn hơn 2 năm nhưng sản phẩm mình nhận được phần mã check sản phẩm chính hãng bị lột mất một góc, mất 13 mã."
viocd_test_197,viocd,test,0,1,0,,[1:5:COMP],54  không mặc  cỡ  lồn mà bị chật
viocd_test_200,viocd,test,2,2,1,,,xin chào nhà phát hành game liên quân. tôi rất vui khi được biết đến tựa game này và tôi đã có những trải nghiệm rất thú vị về nó. nhưng gần đây tôi không còn cảm giác thú vị nào khi tôi vào chơi game
viocd_test_204,viocd,test,2,3,0,[7:21:COMP],[7:20:COMP] | [0:7:COMP],bớt buF ẩn cho admin đi . chơi khoá aC người chơi nạp game mà chưa chơi tới 7 ngày . mới quá trời 39 mà thằng admin vl45 trong khi xây thành mất 18h .
viocd_test_207,viocd,test,1,1,1,,,"áo đẹp, vải tốt nhưng giao nhầm một áo không đúng  cỡ . trừ   1star  ."
viocd_test_208,viocd,test,5,5,0,[12:39:COMP] | [55:67:COMP] | [0:3:COMP] | [3:12:COMP] | [40:55:COMP],[3:7:COMP] | [13:14:COMP] | [55:65:COMP] | [23:39:COMP] | [39:55:COMP],"đặt đơn mà không báo cho mình tình trạng quán đóng cửa còn thông báo là chờ đến 75 phút để lấy đơn, ai đời dư thời gian để ngồi chờ mấy tiếng đồng hồ để giao đồ ăn, đã vậy coi thường khách hàng nhắn t"
viocd_test_210,viocd,test,3,1,0,[43:51:COMP] | [62:68:COMP] | [52:56:COMP],[7:11:COMP],"nhân viên lex việt nam có thể không trung quốc thực, mình nhận khuyến mãi theo sản phẩm đả đặt có 3 cái móc gắn chìa khoá nằm trong 3 bịch riêng biệt, mà khi nhân viên giao thì đủ 3 bịch nhưng chỉ có "
viocd_test_211,viocd,test,0,0,1,,,chất vải được nhưng form hơi rộng mặt nạ mua nhớ giảm một  cỡ  nhé
viocd_test_213,viocd,test,1,0,0,[16:54:COMP],,admin có thể thêm phần giải thích nghĩa của từ vựng bằng tiếng nhật được không ạ.trước em thấy phiên bản cũ thì phía dưới mỗi từ vựng đều có kèm phần giải thích nghĩa và ví dụ của từ mới như trong từ 
viocd_test_214,viocd,test,6,6,0,[15:33:COMP],[14:29:COMP],"nhãn  cỡ  may cẩu thả, form dáng xấu tệ, tỉ lệ không cân xứng, xấu( đáy thì quá dài, chiều dài quần thì quá quá ngắn khiến cho người mua không hài lòng, mình chỉ 51 cân nhưng mặc  cỡ  lồn bị chật chỗ "
viocd_test_215,viocd,test,1,0,0,[23:27:COMP],,"lần trước mình có góp ý không biết admin có hiểu ý mình không, nhưng lần cập nhật gần đây về mảng sticker nó chưa ổn lắm. ý mình là tạo một chủ đề ví dụ  lắc đầu  thì người dùng (người dùng) có thể tự"
viocd_test_217,viocd,test,1,2,0,[0:15:COMP],[0:1:COMP] | [1:3:COMP],vai không giong nhu mo ta thun 4 chieu ma giao vai kate qua te
viocd_test_218,viocd,test,4,4,0,[33:47:COMP] | [71:77:COMP] | [48:55:COMP],[18:32:COMP] | [48:62:COMP] | [39:48:COMP],thật sự mà nói thì  cửa hàng E chỉ là một ứng dụng giao dịch mua bán nên không kiểm soát  được  hết các  cửa hàng  buôn bán trên đó như thế nào?? đặt hàng 3-4 cửa hàng  thì tất cả các  cửa hàng  báo h
viocd_test_220,viocd,test,1,0,0,[0:3:COMP],,không  thấy kèm hàng khuyến mai :(
viocd_test_221,viocd,test,1,0,0,[22:49:COMP],,"thật sự mà nói thì game này rất rất hay và chất lượng, hình ảnh và đồ hoạ nhân vật rất đẹp. nhưng có lẽ vì cập nhật hơi nhiều nên game sẽ có ít người chơi vì máy họ không có đủ dung lượng để cập nhật."
viocd_test_224,viocd,test,0,0,1,,,van con gàu
viocd_test_226,viocd,test,10,7,0,[3:5:COMP] | [9:12:COMP] | [13:20:COMP] | [20:31:COMP] | [1:3:COMP] | [47:56:COMP] | [5:8:COMP] | [57:65:COMP],[51:65:COMP] | [0:5:COMP] | [20:24:COMP] | [5:12:COMP] | [47:51:COMP],"nó lỗi và xàm quá, bất mãn quá đi..ad làm mệt thôi thì để mẹ nó phiên bản cũ đi, không cái tự nhiên đi cặp nhật phiên bản mới chi ,rồi giờ lỗi tùm lum từa lưa như zây mà khắc phục mãi vẫn chưa được, g"
viocd_test_228,viocd,test,0,0,1,,,cũng ổn. mong aD thêm tính năng. nếu khoá màn hình chương trình vẫn phát được nhé
viocd_test_232,viocd,test,3,2,0,[4:12:COMP] | [24:27:COMP] | [31:33:COMP],[4:8:COMP] | [23:26:COMP],hôm trước chơi nó bị hồng che hết nhân vật xoá đi tải lại thì bình thường lại hôm nay lại tiếp tục bị như vậy mong admin khắc phục sớm lỗi này.
viocd_test_234,viocd,test,1,1,0,[0:3:COMP],[0:2:COMP],giao sai màu
viocd_test_235,viocd,test,1,0,0,[2:6:COMP],,dầu gội gây khô tóc nhiều giống như dùng chất tẩy vậy đó :(((
viocd_test_238,viocd,test,0,0,1,,,sản phẩm   nhãn_hiệu sOthing sữa_dưỡng  hộp bị không
viocd_test_241,viocd,test,3,1,0,[3:9:COMP] | [21:27:COMP] | [9:21:COMP],[4:28:COMP],nhà sản xuất nên dừng mở sinh viên mới.vì người chơi không nạp tiền .cứ nhảy sinh viên lung tung .cuối cùng sinh viên đầu ít người chơi.nên bổ sung mở rộng tính năng bằng hữu giữa các người chơi với n
viocd_test_242,viocd,test,3,0,0,[4:12:COMP] | [23:31:COMP] | [32:48:COMP],,game chơi hay . chỉ có mỗi cái tự nhặt không được .auto nhặt thì người ta nhặt hết đồ luôn rồi . rồi thêm cái map boS giành cho vip4 . game này chỉ giành cho anh em nạp tiền chơi . có tiền vào làm cha
viocd_test_243,viocd,test,1,1,0,[0:9:COMP],[4:9:COMP],sao tải về rồi ma không đăng nhập  được . phải có mật khẩu là như thế nào vậy ạ? hỏi aP ma không ai trả lời... -_-
viocd_test_245,viocd,test,0,0,1,,,chỉ giao  sản phẩm  không kèm quà tặng. vui lòng kiểm tra và phản hồi giúp tôi.
viocd_test_246,viocd,test,4,4,0,[9:18:COMP] | [32:56:COMP],[35:43:COMP] | [32:35:COMP],đặt hàng đến ngày dự kiến giao hàng thì nhận được thông báo sẽ giao chậm 4 ngày. đợi 4 ngày xong lại có thông báo không còn sản phẩm trong kho. vậy tại sao không thông báo hết  sản phẩm  từ lúc đặt hà
viocd_test_248,viocd,test,0,0,1,,,"đặt 2 cái: một cái đen vải dày đẹp, ok. cái đỏ vải mỏng, khô, cứng nhắc. nếu được thì  cửa hàng  đổi cho cái đỏ đi nhé"
viocd_test_249,viocd,test,1,1,0,[32:58:COMP],[23:58:COMP],"tôi đã rất thích chơi game liên quân nó giúp tôi giải toả căng thẳng khi xong công việc. nhưng càng về sau, những bản cập nhật mới cứ thế cứ thế khiến cho game ngày càng chậm, từ lúc vô game đến lúc đ"
viocd_test_250,viocd,test,1,1,0,[0:3:COMP],[0:2:COMP],xấu vãi chưởng
viocd_test_251,viocd,test,1,1,1,,,chất tệ lắm
viocd_test_252,viocd,test,0,0,1,,,mặt mình trước khi dùng chỉ có 2 cục mụn thôi.. từ khi bắt đầu sử dụng  sản phẩm  này.. mụn hiện lên rất nhiều ở 2 bên má và tráng.. chắc do da mình không hợp với loại  sản phẩm  này rồi
viocd_test_254,viocd,test,0,1,0,,[18:27:COMP],"tại sao vô mục hội thoại, tôi ghi âm lại phát âm nhân vật rồi máy đứng luôn. ra vô nhiều lần vẫn không hội thoại được.... :("
viocd_test_256,viocd,test,0,0,1,,,kem xài được nhưng không có kèm quà tặng giống  quả người cáo
viocd_test_258,viocd,test,1,0,0,[0:3:COMP],,"trời moá, hàng giả. cứ tưởng giảm giá thiệt, nào ngờ."
viocd_test_259,viocd,test,3,4,0,[73:94:COMP] | [39:69:COMP],[74:85:COMP] | [85:94:COMP] | [39:59:COMP],"điện thoại samsung galaxy m21 đáng được nhận  5star  về chất lượng vì có màn hình hiển thị đẹp, pin cực khủng, chip xử lý khá mượt, camera ổn. nhưng cho 4 sao vì lazada giao hàng khá chậm, phiếu giảm "
viocd_test_263,viocd,test,0,0,1,,,hàng đẹp lắm đấy cho  cửa hàng  5s riêng shipber như cức gọi hm nay giao mà quá ngày sao mới giao
viocd_test_265,viocd,test,8,5,0,[9:15:COMP] | [47:49:COMP] | [50:57:COMP] | [41:47:COMP] | [28:32:COMP] | [16:24:COMP] | [4:6:COMP],[5:6:COMP] | [4:5:COMP] | [9:23:COMP] | [41:48:COMP],"học online kohi này rất tệ tặng sách thì không có bản tiếng việt ,phần nghe thì tải chậm nghe có câu sai ,ngữ pháp video cũng tạm không hay lắm nhưng không có bản tiếng việt và từ vựng cũng không có b"
viocd_test_266,viocd,test,3,3,0,[11:15:COMP] | [2:8:COMP] | [15:18:COMP],[0:8:COMP] | [8:15:COMP] | [15:17:COMP],game gì bấm vào màng hình không ăn. y chang chang bị liệt cảm ứng. thua cho   1star
viocd_test_268,viocd,test,3,3,0,[23:29:COMP],[15:28:COMP],"thật sự  cửa hàng E xứng đáng  5star  nhưng hệ thống aP còn tệ quá. trong quá trình mở aP thì thường xuyên bị lag, phản ứng chậm mặc dù dùng điện thoại có cấu hình cao hay thậm chí khi sử dụng điện th"
viocd_test_269,viocd,test,2,0,0,[4:10:COMP] | [11:18:COMP],,"sữa rửa mặt chỗ nắp không có bì bịt kín, mà kêu có quà tặng mà không có"
viocd_test_270,viocd,test,0,0,1,,,"đầm, vải đẹp, chỉ có cách may chưa kéo lắm nhưng như vậy thì cũng được rồi,"
viocd_test_271,viocd,test,7,3,0,[0:9:COMP] | [58:64:COMP] | [43:57:COMP] | [75:82:COMP] | [15:21:COMP] | [21:25:COMP],[21:27:COMP] | [27:31:COMP],"lần đầu tiên phải bình chọn sao thấp ntn. mua mấy lần trên lazada nhưng đây là lần tồi tệ nhất. đóng gói nham nhỉ không hộp, bọc giấy bóng k. sản phẩm không biết là đã mở ra dùng hay chưa luôn. mua 2 "
viocd_test_272,viocd,test,3,3,0,[26:43:COMP] | [8:16:COMP] | [53:58:COMP],[27:43:COMP] | [9:16:COMP] | [43:58:COMP],"cũng  được , cho  5star   lấy tinh thần, chứ cầy lâu cả mệt quá trời ấy. đề nghị lên live cao thì cho 2star  3star  đi, chứ đéo mẹ mỗi ván  1star   xong ra sửa ti tỉ thứ thì mạt kiếp mới xong. cầy mỗi"
viocd_test_275,viocd,test,3,2,0,[12:16:COMP] | [19:27:COMP] | [43:45:COMP],[8:16:COMP] | [16:27:COMP],"lâu nay mình vẫn dùng bình thường nhưng bỗng dưng mình lại không vào được nữa, lúc vào thì ứng dụng hiện màu trắng rồi thoát ra. mình cũng đã thử khởi động lại máy và xoá đi tải lại nhiều lần nhưng kh"
viocd_test_277,viocd,test,4,1,0,[27:35:COMP] | [24:27:COMP] | [13:24:COMP],,"cấu hình, camera, kích thước như vivo u10, nắp sau hơi  xấu . chế độ sạc nhanh rất với vivo u10 chỉ bắng 12. máy hơi nóng, pin hình như tụt hơi nhanh hơn u10.,"
viocd_test_278,viocd,test,4,6,0,[33:47:COMP] | [12:33:COMP] | [47:57:COMP] | [0:12:COMP],[47:48:COMP] | [0:1:COMP] | [39:47:COMP] | [21:33:COMP] | [33:39:COMP] | [12:21:COMP],"chưa cho học thử đã bắt đăng kí đầy đủ thông tin. vào học thử chỉ  được  mở 3 bài mà lỗi choe chét, thu âm và luyện nói bị lỗi không chạy. danh sách câu quá nghèo nàn, một bài học chỉ luyện có một câu"
viocd_test_279,viocd,test,0,0,1,,,không có khuyến mãi kèm theo.
viocd_test_280,viocd,test,4,4,0,[15:31:COMP] | [49:60:COMP] | [2:8:COMP] | [31:49:COMP],[1:7:COMP] | [51:60:COMP] | [42:43:COMP] | [43:49:COMP],"game gặp lỗi xác nhận tài khoản để nhận thưởng, thời gian là 10 phút, nhưng khi vào và trò chơi bảo rằng tôi khôg thể chơi nếu không xác nhận. nhưng khi xác nhận thì lúc đó thời gian là 00:00, tôi gặp"
viocd_test_284,viocd,test,4,4,0,[0:3:COMP] | [21:35:COMP] | [13:17:COMP],[17:30:COMP] | [30:35:COMP] | [0:1:COMP],"sao tôi không muốn tải mà nó vẫn ở trên điện thoại làm tôi rất khó chịu. vá chỉ có thể tắt ứng dụng chứ không thể xoá cài đặt, rất là nặng máy và phí hết tiền tôi nạp trên máy."
viocd_test_285,viocd,test,3,0,0,[12:14:COMP] | [15:18:COMP] | [9:12:COMP],,mẫu y hình.khoang 40 đến 45ky mặt rat đẹp.mìn 50ky.mặt không vừa.quần ngắn ngủn.aoa thì ôm cái mông.
viocd_test_286,viocd,test,2,1,0,[52:55:COMP] | [23:43:COMP],[24:43:COMP],"sau nhiều bản đăng hạn sử dụng  thì bản này cũng tương đối ổn. thành phần chơi gian lận cũng giảm đáng kể. nhưng có một số lỗi như xuống xe ở v=8kmh vẫn bị knock, lag map, đồi, súng bắn kẹt đạn. vấn đ"
viocd_test_287,viocd,test,2,1,0,[10:19:COMP],,game chả ra không gì mà chỗ nào cũng thấy qc.qc để chôn mẹ chúng mày nhiều thế à.mn đừng có tải về mất công xoá đi.
viocd_test_288,viocd,test,3,4,0,[10:15:COMP] | [16:22:COMP],[16:20:COMP] | [8:13:COMP] | [20:22:COMP],tôi mua máy và cảm thấy thất vọng. màn hình không lớn như giới thiệu . sạc không phải là sạc nhanh.
viocd_test_292,viocd,test,2,0,0,[16:45:COMP] | [7:15:COMP],,ứng dụng này cũng hay! nhưng mà không biết phải do mạng yếu hay không mà khi muốn dịch những câu tiếng anh hoặc tiếng việt thì có khi phải chờ khá lâu và sau đó dường như không thể dịch được những câu
viocd_test_295,viocd,test,2,1,0,[0:3:COMP] | [3:11:COMP],[0:11:COMP],hộp ọp ẹp.mất seal.nắp hộp như đã bị mở nhiều lần.chưa dùng thử nên chưa biết hiệu  quả .
viocd_test_296,viocd,test,6,8,0,[61:67:COMP] | [41:47:COMP] | [23:32:COMP] | [32:41:COMP],[47:54:COMP] | [37:41:COMP] | [32:37:COMP] | [54:56:COMP] | [23:28:COMP] | [56:61:COMP],"giá cả không ổn định, mai thế này, hôm sau thế kia, định vị cũng không chính xác. thêm một cái nữa là, một số tài xế như bố thiên hạ vậy, nhận quốc không thèm chạy, gọi điện không nghe, có người 10p s"
viocd_test_297,viocd,test,0,1,0,,[5:12:COMP],sản phẩm  cũng tạm ổn... đặt màu trắng lại giao màu đen.vấn đề này đã nhận nhiều bình luận như vậy . mình hy vọng mình sẽ không bị tình trạng như vậy. nào ngờ......có một tí thất vọng.
viocd_test_299,viocd,test,3,1,0,[35:44:COMP] | [2:8:COMP] | [15:21:COMP],[0:8:COMP],ứng dụng xài không ổn định tí nào. cứ đang lướt được một chút là văng về lại trang chính vì vậy mong nhà phát hành điều chỉnh lại cái sự việc này vì nó làm tôi cảm thấy rất không hài lòng và   1star  
viocd_test_302,viocd,test,2,2,0,[5:39:COMP] | [60:63:COMP],[31:39:COMP] | [6:22:COMP],mình chỉ cần dịch online. nhưng tại sao cứ bắt phải cấp quyền truy cập hình ảnh với thông tin của mình để có thể lưu dữ liệu dịch oFline vậy??? không đồng ý là không cho dùng luôn!!! nếu vậy mình hứa 
viocd_test_306,viocd,test,3,2,0,[28:55:COMP] | [14:26:COMP] | [6:11:COMP],[14:15:COMP] | [42:55:COMP],"ứng dụng rất tuyệt vời nhưng còn rất nhiều thiếu sót. ví dụ như cập nhật danh sách những người đã mời để có thể xoá, đôi lúc mình đã mới rất nhiều bạn bè nhưng họ không chấp nhận, sau đó danh sách mời"
viocd_test_308,viocd,test,0,0,1,,,sản phẩm  dùng tốt nhat truọcp sử dụng nhưng tóc rat khô nen can phải kèm theo dầu xả
viocd_test_309,viocd,test,0,0,1,,,không có quà tặng chỉ thấy sữa rửa mặt thôi
viocd_test_312,viocd,test,5,6,0,[55:58:COMP] | [2:5:COMP] | [61:64:COMP],[47:59:COMP] | [46:47:COMP] | [24:38:COMP] | [0:5:COMP],"tài xế quá cứng đầu khách đã yêu cầu xem bản đồ đi cho đúng nhưng không chịu cuối cùng chở khách đi lạc, khách phải tự mua 3g bật gOgle map để chỉ đường cho tài xế. làm mất rất nhiều thời gian của khá"
viocd_test_313,viocd,test,4,4,0,[0:3:COMP] | [23:44:COMP] | [44:71:COMP] | [14:19:COMP],[28:44:COMP] | [61:62:COMP] | [0:1:COMP] | [44:61:COMP],không hiện những người đã xem story của mình sau 24h là một bước đăng hạn sử dụng  lùi của phiên bản này. ngay cả chính chủ còn không xem được ai đã xem story của mình thì còn chơi ins làm gì nữa? khô
viocd_test_319,viocd,test,4,4,0,[13:22:COMP] | [22:46:COMP] | [46:60:COMP],[30:46:COMP] | [22:30:COMP] | [47:60:COMP],"khuyến mãi thì rẻ đó. được vài nhân viên thân thiện. nhưng mà rất với grab với go viet thì thua xa. mật độ xe vắng như chùa bà đanh, mở bản đồ lèo tèo vài anh áo vàng thoắt ẩn thoắt hiện như bóng ma. "
viocd_test_322,viocd,test,2,1,0,[31:40:COMP] | [40:58:COMP],[36:40:COMP],dùng ios để chơi trên ipad xong liên kết với tài khoản facebOk sau đó tải game chơi trên điện thoại android đăng nhập lại vào tài khoản facebOk thì lại phải chơi lại từ đầu. rất khó chịu khi ios và an
viocd_test_324,viocd,test,2,0,0,[11:18:COMP] | [3:11:COMP],,áo đẹp. có đìu màu nhạt không phải đậm như hình. áo bé rộng mặc được khá lau. sản phẩm phù hợp với giá. đường may chắc chắn.
viocd_test_325,viocd,test,4,5,0,[0:8:COMP] | [38:54:COMP],[1:8:COMP] | [0:1:COMP] | [38:55:COMP],- chức năng huỷ không có tác dụng - ứng dụng đôi khi không phản hồi hoặc chậm - liên hệ với tổng đài điện thoại phải chờ lâu nhưng không có tổng đài viên nhấc máy - có vẻ hệ thống xử lý đơn hàng chưa 
viocd_test_326,viocd,test,5,6,0,[11:25:COMP],[9:17:COMP] | [0:2:COMP],khuyết điểm: aP chạy chậm hơn trước rất nhiều. sản phẩm còn hạn chế không đa dạng như  cửa hàng E và nhiều nơi khác. nhầm sản phẩm chất lượng không xứng với giá tiền. đôi khi mua phải đồ ở trong kho q
viocd_test_327,viocd,test,0,0,1,,,tại sao không gửi hàng khuyến mãi ạ
viocd_test_331,viocd,test,0,1,0,,[3:6:COMP],"dùng tốt, nhưng có lỗi là mình nhắn tin với bạn bè thì cả mình và người nhận không bao giờ nhận được chuông báo tin nhắn mới cho tới khi vào aP. phải nhá máy gọi để điện thoại đổ chuông, rất phiền"
viocd_test_332,viocd,test,1,1,0,[1:8:COMP],[1:5:COMP],54  không mặc  cỡ  lồn mà bị chật
viocd_test_338,viocd,test,0,0,1,,,mua 5 đôi mà gởi có 2 đôi dạy  cửa hàng
viocd_test_339,viocd,test,3,1,0,[0:3:COMP] | [23:26:COMP] | [12:18:COMP],[23:24:COMP],các bạn không xứng đáng  được    1star   nữa. mấy nay anh em đấu giá sao để hoài vậy không thì ngưng đấu lại. hết chịu  được
viocd_test_340,viocd,test,0,0,1,,,"hàng tốt, mới dùng chưa thấy lỗi gì, nguyên seal, điện thoại đã dán màn hình trước và không có ốp lưng tặng kèm."
viocd_test_343,viocd,test,0,0,1,,,"mình đã dùng  được  gần một tháng, chưa thấy trắng lên. rất với giá tiền, chất lượng như vậy cũng khá hài lòng"
viocd_test_345,viocd,test,0,0,1,,,"ứng dụng rất tuyệt vời, nhưng liệu nhà phát hành có thể cải tiến game cho các game thủ không có tiền nạp những đồng xu miễn phí hay đại loại trong game được không chứ như vậy tội anh em game thủ chúng"
viocd_test_348,viocd,test,0,0,1,,,"rất tuyệt, nên thêm dịch nghĩa nhiều chỗ cấu trúc, ví dụ,...cho người học dễ hiểu hơn"
viocd_test_349,viocd,test,0,1,0,,[5:12:COMP],mình mua 2 lọ nhưng không hề nhận  được  quà tặng kèm
viocd_test_351,viocd,test,1,1,1,,,đồ tệ lắm mỏng sút chỉ không ra gì
viocd_test_353,viocd,test,0,0,1,,,đồ xinh xĩu lại còn đúng mẫu nhưng mà vải hơi thô nhưng khá được
viocd_test_354,viocd,test,1,2,0,[0:7:COMP],[4:7:COMP] | [0:4:COMP],đặt  cỡ  35 mà giao  cỡ  38
viocd_test_355,viocd,test,2,2,0,[0:3:COMP] | [19:27:COMP],[19:29:COMP] | [0:5:COMP],"quả người cáo quá nhiều. bài hội thoại hai, lời của サントス câu này chấm điểm khó vậy? 今日は、サントスです。 mấy cái nút công cụ hơi rườm rà, giảm bớt, nên còn hai cái thôi."
viocd_test_356,viocd,test,1,0,0,[15:22:COMP],,tao mà là nhà phát triển thì tao đổ cơm cho chó ăn còn hơn. game  gì  đâu không hay vậy còn đứng top bảng xếp hạng.
viocd_test_364,viocd,test,1,1,1,,,"game rất hay, nhưng có một điều làm người chơi khó chịu là bị đứng ở ải boS quá nâu. nếu có thể hãy cho chơi lại những màn trước đó để cầy đồ và kinh nghiệm chứ đứng mãi ở một ải thế người chơi sẽ nha"
viocd_test_366,viocd,test,5,2,0,[3:9:COMP] | [15:20:COMP] | [28:36:COMP] | [0:3:COMP] | [23:26:COMP],[0:15:COMP] | [15:38:COMP],hàng kém chất lương.mùi côn nhiều khác hoàn toàn va hàng trước đây mình dung. mỗi một lọ kem đựng trong túi bóng không hộp của hãng  gì  ca.bảo sao không cho kiểm hàng.vứt luôn không dám dùng
viocd_test_367,viocd,test,5,3,0,[6:28:COMP] | [50:59:COMP] | [63:69:COMP] | [28:49:COMP],[25:28:COMP] | [11:21:COMP],"mình thực sự thất vọng vì các tài xế của be, đặt xe 4 cuốc toàn gọi điện bảo huỷ với một lý do là xe thủng lốp. tài xế nhận chuyến xong tự đi hoàn thành chuyến, một lát sau thông báo chuyến đi đã hoàn"
viocd_test_368,viocd,test,2,0,0,[0:3:COMP] | [13:17:COMP],,chỉ nhận  được  tip kem 60ml. còn tip +0d bên cạnh như hinh không nhan  được  la sao  cửa hàng
viocd_test_369,viocd,test,0,0,1,,,sao không có bông mút tặng kèm  positive ))
viocd_test_370,viocd,test,4,1,0,[34:44:COMP] | [3:7:COMP] | [13:21:COMP] | [8:12:COMP],[3:16:COMP],"xoá aP rồi, không kết nối được với mic của điện thoại làm sao hoàn thành 100% bài nào được đây, cụ thể khi học từ hoặc câu thì đến phần nói thì aP không nhận được giọng nói nên báo không hoàn thành, p"
viocd_test_375,viocd,test,0,0,1,,,không có thấy kèm quà đâu hết. chỉ có cây son thôi
viocd_test_378,viocd,test,1,1,0,[2:7:COMP],[2:12:COMP],"hàng tốt,nhưng không gói kỹ chống sốc.kích hoạt bảo hành quá sớm.chưa biết sử dụng lâu ra sao."
viocd_test_384,viocd,test,3,4,0,[19:29:COMP] | [45:81:COMP] | [5:7:COMP],[19:26:COMP] | [45:50:COMP] | [58:61:COMP] | [50:58:COMP],"hôm trước mua một cái siez lồn , hôm nay mua một cái xin lỗi dùm cho bạn mà  cửa hàng  gửi ziez xin lỗi bằng y chan lồn mình mặc vừa luôn mình 52 không , bạn 56  không sao mặc vừa được . quần này là l"
viocd_test_385,viocd,test,2,0,0,[9:15:COMP] | [15:29:COMP],,"game rất hay, ban đầu chơi dễ lôi cuốn, nhưng càng về sau càng khó và các hoạt động bị ít đi, dẫn đến việc sẽ bị nhàm chán, mong nph thêm một vài phần event  dài hạn  cũng như giảm giá kc mua item tro"
viocd_test_386,viocd,test,0,0,1,,,"sản phẩm sử dụng rất tốt, nhưng sử dụng thời gian đầu thì nổi mụn hơi nhiều"
viocd_test_391,viocd,test,2,0,0,[28:32:COMP] | [22:26:COMP],,tôi không biết nói trường hợp này như thế nào nhưng ở đây khi tôi vừa nghe được 75% bài hát thì tự động ngắt tiếng mặc cho bài hát vẫn chạy (cụ thể là những bài đã lưu trong playlist online sau một kh
viocd_test_392,viocd,test,5,1,0,[8:13:COMP] | [19:25:COMP] | [27:34:COMP] | [52:55:COMP] | [40:50:COMP],[51:56:COMP],tôi thấy cung hay nhưng mấy ngày nay toi luôn bị mất cấp rồi chơi lại từ đầu rồi hon nay cung bi như vậy còn nữa tiền thì quá ít không đủ để mua trang phục gì cả toi xin nhà sản xuất xem xét lại kỉ cà
viocd_test_394,viocd,test,4,0,0,[40:47:COMP] | [87:89:COMP] | [65:74:COMP] | [116:122:COMP],,"mua 3700k, sau một ngày nhận máy. về kết cấu tổng thể máy mặt lưng nhựa đơn giản, mình đẹp rất với giá mình không chơi game nên mọi tác vụ thấy được cảm ứng mượt hơn oPo f9 có đều cột sóng nghe gọi th"
viocd_test_395,viocd,test,0,0,1,,,hơi lớn chưa gì  ơi nhưng mà đp
viocd_test_396,viocd,test,7,6,0,[41:49:COMP] | [0:7:COMP] | [29:40:COMP] | [52:56:COMP],[0:3:COMP] | [41:42:COMP] | [29:41:COMP],không bao giờ nên chơi game này. 100% phụ thuộc vào may mắn. đấu rank hạng nào cũng có trẻ trâu ăn may 100% hết. lỗi lag tràn lan. nhà sản xuất game không quan tâm đến lỗi và lối chơi. tóm lại không b
viocd_test_399,viocd,test,1,0,0,[7:19:COMP],,"sản phẩm mùi dễ chịu, nhiều bọt. nhưng hình như không hợp nên dùng bị kích thích lên mụn"
viocd_test_401,viocd,test,4,4,0,[10:11:COMP] | [45:51:COMP] | [21:28:COMP],[45:55:COMP] | [35:38:COMP] | [5:11:COMP],"game, này rất hay nhưng tôi không thể tải về máy, tại vì khi mình tải về khi vào game thì bị khoá tất cả tài khoản mà mình kiếm game này rất hay nhưng tôi không thể , khi phiên bản mới ra thì mình bị "
viocd_test_403,viocd,test,0,0,1,,,game khá hay.. nên cho vài tình huống thực tế nhiều hơn nữa để thử thách người chơi từ tình huống thay vì cứ max tăng trí lực tôi lực và chính lực... sẽ rất dễ nhàm chán... thêm một vài câu hỏi và các
viocd_test_404,viocd,test,3,2,0,[50:58:COMP] | [11:16:COMP] | [60:66:COMP],[50:57:COMP] | [24:31:COMP],trời ơi ứng dụng gì mà thích nhiều chức năng mà không có tiếng việt sao mà biết xài quá trời thứ tiếng mà không có tiếng của nước việt nam việt nam mang tiếng là thiên long xài điện thoại bao trùm hết
viocd_test_406,viocd,test,0,0,1,,,vải đẹp nhưng đường may hơi xấu
viocd_test_408,viocd,test,0,0,1,,,"dù bình thường, yếu"
viocd_test_409,viocd,test,5,5,0,[18:24:COMP] | [8:17:COMP] | [25:35:COMP] | [36:44:COMP],[18:25:COMP] | [25:36:COMP] | [9:17:COMP] | [36:45:COMP],đáng lẽ là tôi cho  5star  nhưng mà: 1. bình luận thì chỉ được 100 kí tự 2. bình luận không cho lập lại 3. tik tok không nên cho  quả người cáo xâm chiếm 4. có những người thừa thải trên tik tok 5. du
viocd_test_410,viocd,test,1,1,0,[0:3:COMP],[0:1:COMP],"không vừa, chặt quá muốn trả lại"
viocd_test_413,viocd,test,5,7,0,[53:62:COMP] | [25:28:COMP] | [7:17:COMP] | [4:6:COMP] | [32:51:COMP],[29:31:COMP] | [51:62:COMP] | [0:1:COMP] | [17:28:COMP] | [7:13:COMP] | [44:51:COMP] | [31:44:COMP],"có một số cái bất tiện như không thể huỷ đơn hàng khi vừa mới bấm đặt, một số nhân viên hỗ trợ khách hàng không chuyên nghiệp, và đôi lần quán không có món bạn mình đặt đã tự ý huỷ đơn hàng, không thô"
viocd_test_414,viocd,test,0,0,1,,,quần đẹp lắm nha mọi người chỉ là hơi ngắn xíu
viocd_test_416,viocd,test,1,0,0,[4:8:COMP],,"dù dày khá đẹp, hơi khó xài tí, mong chờ màu trắng giao màu xanh. nói chung là đẹp chất lượng tốt, màu giao ngẫu nhiên. shiPer vui vẻ thân thiện dễ thương"
viocd_test_417,viocd,test,0,2,0,,[3:20:COMP] | [0:1:COMP],nhẹ nhừng mà đánh lên da không sáng hơn chút nào quầng thâm ở mắt cũng không mờ đi luôn chắc mua sai màu . tiếc tiền
viocd_test_418,viocd,test,1,1,0,[4:9:COMP],[10:16:COMP],"game rất được . giá thì hơi đắt quá , admin nên giảm giá bớt đi : nhưng mà vẫn rất ủng hộ game nhé  positive )"
viocd_test_419,viocd,test,0,0,1,,,mua mà không nhận  được  quà tặng kèm
viocd_test_423,viocd,test,3,4,0,[50:64:COMP] | [5:9:COMP] | [14:28:COMP],[10:13:COMP] | [6:10:COMP] | [57:72:COMP] | [51:56:COMP],giao hàng gói hàng được nhưng giao nhầm màu - đặt màu 122 mà khi giao đến thì màu 130 thực sự rất bực mình vì lỗi này vì  sản phẩm  có bảng màu để khách hàng lựa chọn  sản phẩm  phù hợp với tone da củ
viocd_test_425,viocd,test,0,0,1,,,thật sự là nó dùng như cục cstar tôi vậy không thể hiểu tại sao nó lại được đánh giá lên tận 4☆
viocd_test_426,viocd,test,5,6,0,[9:12:COMP] | [39:51:COMP] | [35:36:COMP] | [16:24:COMP] | [24:29:COMP],[12:16:COMP] | [35:38:COMP] | [0:3:COMP] | [3:12:COMP] | [17:24:COMP] | [24:35:COMP],"cập nhật nhiều, tốn nhiều dung lượng tuy nhiên quá nhiều lỗi. cập nhật thường xuyên nhưng lỗi cũ lại không khắc phục được. không thể hiểu được là nhà phát hành đã làm gì? cập nhật phiên bản chỉ đưa ra"
viocd_test_428,viocd,test,2,3,0,[35:55:COMP] | [8:30:COMP],[24:29:COMP] | [35:54:COMP] | [20:21:COMP],đã rất lâu tôi không chơi game này! khi tải lại game tôi rất kì vọng và hào hứng nhưng đổi lại đó là sự thất vọng tràn trề. mặc dù đã tải xong nhưng bản thông báo gửi các game thủ không tài nào tắt đư
viocd_test_429,viocd,test,2,2,0,[23:37:COMP] | [37:56:COMP],[48:56:COMP] | [41:47:COMP],"game rất hay những con vật, đồ vật rất chi tiết. có thể kết bạn và nói chuyện với nhau rất là vui. nhưng mấy đồ mua skin cho mua bằng đậu mini hay hơn nhiều đấy. game cũng có phần hơi lag phải thoát r"
viocd_test_430,viocd,test,4,3,0,[28:38:COMP] | [0:12:COMP] | [39:56:COMP] | [57:65:COMP],[49:56:COMP] | [38:46:COMP] | [56:60:COMP],"phần audio của hack não phiên bản cũ cần được cải thiện hơn, bây giờ vẫn còn rất nhiều người đang học theo sách cũ nên mình nghĩ phần audio của sách cũ cũng cần  được  cải thiện. phần phát âm từ nên t"
viocd_test_431,viocd,test,0,3,0,,[3:7:COMP] | [7:9:COMP] | [9:12:COMP],"màu đẹp nhưng mùi không được thơm, hơi hăng. không thơm giống như loại creamy maTe trước đó mình đặt.:(("
viocd_test_434,viocd,test,7,2,0,[28:44:COMP] | [18:27:COMP] | [15:17:COMP] | [64:71:COMP] | [55:64:COMP] | [8:15:COMP] | [46:53:COMP],[44:64:COMP] | [20:44:COMP],"đã dùng tiki mấy năm mà bây giờ xảy ra tình trạng rất khó chịu. đơn hàng mình đặt 15-6, đến 22-6 do giao hàng trễ hẹn lại tự động chuyển thành đơn đặt hàng mới lại bắt chờ đến 1-7 mới được nhận, rồi c"
viocd_test_435,viocd,test,0,0,1,,,"em nghĩ aP nên có phần tìm từ vựng có trong sách vì phần lớn học viên còn đang đi học nên việc học từ mới trên lớp kết hợp với việc học trong sách sẽ khá là mất thời gian , mong đội ngũ step đăng cố g"
viocd_test_436,viocd,test,0,0,1,,,chơi hay vui nhưng cứ chết là  quả người cáo tuy tôi không nhắn vido
viocd_test_437,viocd,test,0,0,1,,,vai bo  được  con bo nhin thay ghê
viocd_test_439,viocd,test,0,0,1,,,"ứng dụng khá tốt, kích thích học tập. nhưng nếu có thể cải tiến, cho thêm phần đến số ngày học liên tục như doulingo thì sẽ rèn  được  thói quen nhiều hơn. có thêm các bảng xếp hạng phân hạng ( như lê"
viocd_test_440,viocd,test,4,1,0,[7:16:COMP] | [20:26:COMP] | [2:6:COMP] | [16:19:COMP],[17:19:COMP],"pin 5k .máy rất dầy nặng .màn hinh chiều dọc quá dài ,ko  thích  tý nào.đực cái pin trâu .tuy không hổ trợ sạc nhanh,nhung sac tầm 3 tiếng là đầy"
viocd_test_441,viocd,test,6,7,0,[30:40:COMP] | [40:59:COMP],[30:35:COMP] | [42:52:COMP] | [35:40:COMP],"vào tới phần đặt hàng thì không đặt được do không có mã khuyến mãi, mà không biết tìm đâu ra cái mã để nhập vô. thiệt là bó tay. nếu không có mã thì không đặt hàng được sao. mà cũng không thấy phần gi"
viocd_test_443,viocd,test,4,4,0,[51:68:COMP] | [30:42:COMP] | [7:15:COMP],[13:15:COMP] | [27:42:COMP] | [42:43:COMP],"mọi thứ đều ổn chỉ duy nhất việc gửi ảnh cùng story là không ổn. lúc trước gửi ảnh còn tìm được trong các mục mình tạo, giờ đây lại phải mất công lướt xuống một lúc lâu mới tìm được ảnh. và thời gian "
viocd_test_448,viocd,test,0,0,1,,,kêu hàng chính hãng nà made in china à
viocd_test_449,viocd,test,0,0,1,,,đẹp nhưng hơi rộng mặt nạ mua phải nho  cỡ  thì vừa nói chung là được
viocd_test_450,viocd,test,0,0,1,,,"máy chính hãng samsung. lazada tự động kích hoạt bảo hành sau 01 ngày giao hàng. mua 2 cái nhưng một cái được đóng hộp có lớp lót, một cái không có lớp lót."
viocd_test_452,viocd,test,5,0,0,[33:64:COMP] | [84:89:COMP] | [72:78:COMP] | [6:13:COMP] | [13:25:COMP],,"da mình thuộc loại khoẻ nhưng dùng tinh chất lại gây khích ứng. da mình rất ít nổi mụn mà dùng xong nổi rất nhiều, bạn bè người thân cũng bàng hoàng lun. ban đầu mình dùng hết mặt, thấy mụn nhiều nên "
viocd_test_454,viocd,test,2,1,0,[13:22:COMP] | [23:35:COMP],[22:35:COMP],"cửa hàng  bảo mua 2 sản phẩm sẽ được tặng một B cream nhưng hoàn toàn không hề có quà tặng kèm, cả sample kem chống nắng nhỏ của mỗi sản phẩm cũng không có."
viocd_test_455,viocd,test,0,0,1,,,"từ game cho tới kho từ vựng , cách luyện tập bài tập đều rất tốt đội ngũ làm rất giỏi , nếu siêng học thì giỏi cực, góp ý một chút là khi dịch câu vẫn còn một số cái hơi sai và chưa sát nghĩa và viễn "
viocd_test_456,viocd,test,2,0,0,[0:3:COMP] | [28:45:COMP],,"vấn đề hàn lâm nên để cho người vô có thể ngồi được một chút. người trong liên minh thì một tiếng, người ngoài liên minh chỉ 30p. chứ như thế này thì lợi cho người mạnh thôi. còn người yếu không ngóc "
viocd_test_457,viocd,test,0,0,1,,,"giao hàng nhanh, máy hoạt động tốt, tuy nhiên đóng gói cần bọc chống sốc cho an toàn, lần sau ủng hộ  cửa hàng"
viocd_test_458,viocd,test,0,0,1,,,sao không có hàng tặng ạ
viocd_test_459,viocd,test,0,0,1,,,không nhìn kĩ hoá ra son tung của
viocd_test_460,viocd,test,1,0,0,[20:25:COMP],,"ban  quả nó trị xem lại xem mình nạp gói 500 gem,gói 1,99$ thông báo nạp thành công,tài khoải trừ mà gem không có ạ? xem lại giùm cái"
viocd_test_461,viocd,test,1,1,0,[7:17:COMP],[8:10:COMP],hàng đúng với tầm giá sale . chứ bán đúng giá thật thì chất lượng quá kém
viocd_test_462,viocd,test,0,0,1,,,dê tăng rất luong nguoi dung can có tinh năng kiếm tiền vao trường hợp gì  se giờ  quả  va g yêu p ich cho bộ y tế trg tôi điem giờ tại
viocd_test_466,viocd,test,2,0,0,[4:24:COMP] | [36:42:COMP],,máy mới mua mà kiểm tra trong mục hình ảnh đã có người dùng Chup gì  ảnh trước đó từ 2018 rất nhiều hình ảnh.giải quyết vấn đề này giúp tôi.và mỗi lần liên lạc với lazađa thi cuc ki uc che.k nhắn tin 
viocd_test_467,viocd,test,4,5,0,[1:6:COMP],[0:6:COMP] | [25:28:COMP],game thiếu công bằng với member. phân biệt top nạp và dân cày. khiếu nại admin chỉ  trả lời  qua loa cho xong vấn đề. khá thất vọng!! khuyên các bạn có ý định tải game về chơi. khi chơi không nên gây 
viocd_test_468,viocd,test,2,1,0,[25:47:COMP] | [48:68:COMP],[47:68:COMP],tôi đã mua phần mềm. tôi học phần giao tiếp cho người mới bắt đầu. học phần  where are you from  đến hội thoại 1. mặc dù tôi đã hoàn thành hết phần từ vựng nhưng phần mềm vẫn báo là 0% chưa học phần t
viocd_test_470,viocd,test,2,1,0,[0:3:COMP] | [6:16:COMP],[6:12:COMP],"cần cải thiện phần luyện tậo, làm xong không biết mình sai cái gì đó ạ... cần đáp án hoặc bài giải thích để học viên biết ạ"
viocd_test_471,viocd,test,1,0,0,[12:28:COMP],,"đồ hoạ quá đẹp nhưng... tôi xin nhà phát triểu sửa lại lỗi hình vuông màu tím,tôi chẳng chs  được  gì cả nhân vật tôi còn hom hiện😣 mong nhà phát triển sửa lại."
viocd_test_472,viocd,test,1,0,0,[4:10:COMP],,sao da mình dùng bị ngứa và nổi mẩn đỏ. có nhân viên nào tư vấn cho mình trườg hợp này ko?
viocd_test_476,viocd,test,0,0,1,,,"giao hàng nhanh, mà quận  cỡ  mình hơi nhỏ hơn rất với  cỡ  mình bình thường nếu đặt nên đặt dư một  cỡ  rất với  cỡ  bình thường"
viocd_test_480,viocd,test,5,0,0,[16:23:COMP] | [52:59:COMP] | [45:49:COMP] | [10:14:COMP] | [60:63:COMP],,tôi đang xài  không em 9 và ứng dụng line thường hay xãy ra tình trạng không thông báo có tin nhắn của bạn bè cũng như đối tác của tôi gửi yin nhắn tới .cách đây mấy tháng  không em 9 của tôi cũng gặp
viocd_test_481,viocd,test,2,0,0,[9:13:COMP] | [54:61:COMP],,"mình thấy game này rất vui và hay nhưng hơi nhiều mb thôi nếu giảm xuống một tý thì ai cũng có thể tải về chơi , nếu như cái điện thoại của một người nào mà ít mb vẫn thể tải được 😊 dù sao đi nữa thì "
viocd_test_482,viocd,test,0,1,0,,[7:17:COMP],về vấn đề học hàn lâm nên giới hạn quan phẩm cao không được học ở lớp do quan phẩm thấp mở . về cửa tiệm đạo cụ đã có bán thì nên tổ chức thu mua theo giá trị trừ % lợi nhuận của cửa hàng thì game có 
viocd_test_483,viocd,test,1,2,0,[0:7:COMP],[0:3:COMP] | [4:7:COMP],đặt  cỡ  41 mà giao  cỡ  37
viocd_test_484,viocd,test,0,1,0,,[15:20:COMP],"tạm . mà toàn chữ gì ấy , không phải chữ hira hay kata . không dịch nhật việt  được"
viocd_test_485,viocd,test,3,1,0,[30:37:COMP] | [13:17:COMP],,nhiều từ dịch sai. ví dụ từ いしゃ là bác sỹ thì lại dịch là  đi . câu tomさん は いしゃ です。 nghĩa là tom là bác sỹ thì lại dịch là tom không có ở đây. mong admin xem lại
viocd_test_486,viocd,test,3,2,0,[0:3:COMP] | [33:42:COMP],[0:2:COMP],"quá tệ, tài khoản của mình dùng đã mấy năm. mình tin tưởng facebook nên lưu trữ tất cả những hình ảnh và kỉ niệm của mình lên bỗng một ngày đẹp trời tài khoản của mình bị vô hiệu hoá yêu cầu xác minh "
viocd_test_491,viocd,test,0,0,1,,,giao hàng nhanh đóng gói cẩn thật nhưng camera điện thoại bị lệch còn máy thì phải dùng vài tuần với biết được
viocd_test_492,viocd,test,2,1,0,[0:3:COMP] | [20:24:COMP],[0:1:COMP],"không có nhãn hiệu in trên dép như hình  quả người cáo, hoang mang, với giá sale thì ổn nhưng giá 110k thì gắt."
viocd_test_495,viocd,test,0,0,1,,,cũng được nhưng không hài lòng
viocd_test_498,viocd,test,2,3,0,[26:32:COMP] | [5:15:COMP],[29:36:COMP] | [0:4:COMP] | [5:6:COMP],đã nạp gần 100k mà sao vi' traveLet lại không nhận một xu nào du bên ngân hàng đã báo trừ tiền... mong  được  bồi thường... mới ra mà làm ăn vậy sao ai dám nạp??
viocd_test_501,viocd,test,0,0,1,,,chất được nhiều màu không đẹp như ảnh lắm
viocd_test_503,viocd,test,1,2,0,[0:3:COMP],[2:12:COMP] | [0:2:COMP],vải xấu. hàng gửi về không đúng màu cũng không giống hình.
viocd_test_504,viocd,test,0,0,1,,,không đẹp vải mỏng
viocd_test_505,viocd,test,2,0,0,[53:55:COMP] | [16:20:COMP],,"mình nghĩ với phiên bản mới sách năm 2019 ngoài phần ktra từ vựng thôi thì chưa đủ & ổn, vì rõ ràng phiên bản 2019 có cả một kho cụm từ tanh rất cần thiết, hay & hữu dụng, nếu ngoài không trong sách t"
viocd_test_512,viocd,test,2,1,0,[17:24:COMP],,game chs rất ổn và được tự nhiên hôm qua bảo trì chúng mày  gì  đó xong ứng dụng Hct rất là nặng máy và chs game không  được  luôn cứ vô  được  một phút là bay ra.
viocd_test_514,viocd,test,0,0,1,,,hay và rất đặc sắc hay nhưng mà thỉnh thoảng mình không vào được
viocd_test_515,viocd,test,3,1,0,[57:63:COMP] | [42:57:COMP] | [33:42:COMP],[42:50:COMP],"aP để lại tính năng nghe đi nghe lại một track  được  không ạ! khi nào học viên nghe thuộc xong một track rồi học viên sẽ chuyển sang track tiếp theo, chứ tự tính năng động chuyển track phiền lắm ạ! c"
viocd_test_517,viocd,test,0,0,1,,,mẫu giống hình vải thì cứng nhưng phù hợp với giá tiền
viocd_test_518,viocd,test,0,0,1,,,giống mẫu được nhưng hơi mỏng
viocd_test_519,viocd,test,4,4,0,[52:57:COMP] | [40:42:COMP] | [18:32:COMP],[17:20:COMP] | [52:71:COMP] | [0:5:COMP],"chơi viễn chinh rất hay bị văng ra khỏi phòng mặc dù tôi là chủ phòng, mà toàn văng lúc chuẩn bị đánh boS, bị nhiều lần như thế rất khó chịu đề nghị admin xem xét và khắc phục lỗi này. đánh giá này tô"
viocd_test_522,viocd,test,2,0,0,[12:19:COMP] | [23:26:COMP],,chất lượng của kem chống nắng thì mình yên tâm rồi nhưng lần này giao hàng khá chậm và nhân viên giao hành không nhiệt tình.
viocd_test_523,viocd,test,0,0,1,,,"dùng tốt, nhưng nhanh hết  positive"
viocd_test_526,viocd,test,1,0,0,[2:3:COMP],,giao hàng chậm🤨
viocd_test_529,viocd,test,0,0,1,,,mình cho rằng là hãy cho cây súng vector quay lại và cả khả năng lắp  được  nòng 3 vào shOtgan mình rất mong nhà phát hành sẽ xem  được  ý kiến của mình ps:mình là người chơi frE fifre từ bản beta cho
viocd_test_530,viocd,test,2,0,0,[2:8:COMP] | [20:24:COMP],,cho   1star   ly do dat 1trang kem 1den ma giao 2den. da hộp thư đến  cửa hàng  được rồi ma giao  không dung mau
viocd_test_531,viocd,test,1,0,0,[59:69:COMP],,"game rất hay và tôi sẽ góp ý kiến của tôi là cập nhật lần sau tôi muốn chủ game mini world cập nhật thêm cái có thể điều khiển được xe, máy bay, trung quốc thuyền. nói đúng hơn là mình sẽ làm một cái "
viocd_test_535,viocd,test,1,0,0,[7:24:COMP],,sáng nay chơi vẫn bình thường nhưng khi tối vô lại thì tất cả các hiệu ứng đều hoá thành cục màu hồng! mong nhà phát triển game xem xét lại!
viocd_test_539,viocd,test,6,5,0,[28:39:COMP] | [13:16:COMP] | [19:22:COMP] | [5:11:COMP],[12:16:COMP] | [17:39:COMP] | [5:12:COMP],"dạo gần đây rất hay bị tự động xoá dữ liệu rồi bắt khôi phục lại, nhưng quá trình khôi phục dù tín hiệu wifi rất mạnh nhưng vẫn rất lâu, và thậm chí không tải được dữ liệu. đã gần cả tuần nay không xà"
viocd_test_540,viocd,test,2,1,0,[13:22:COMP] | [7:9:COMP],[6:23:COMP],đúng mẫu khá là ok. nhưng có vết rách trên vai áo .vãi hơi mỏng đường may cần tỉ mỉ một xíu .tạm ổn. mong  cửa hàng  coi hàng cẩn thận trước khi giao
viocd_test_542,viocd,test,0,2,0,,[0:3:COMP] | [6:9:COMP],không như  quả người cáo . hơi thất vọng
viocd_test_544,viocd,test,3,3,0,[22:39:COMP] | [7:9:COMP] | [10:21:COMP],[6:21:COMP] | [21:22:COMP] | [22:31:COMP],"đẹp hơn mong đợi. tuy nhiên một lỗi nhỏ ở cúc áo đầu tiên nó bị lệch làm lộ áo trong. và chun quần thì quá nhỏ, độ bền không cao. mặc  được  vài bữa là bị giãn liền. nói chung vẫn cho  cửa hàng  4 sao"
viocd_test_0,bio_splits,test,0,0,1,,,"dẹp xinh giá rẻ, đáng mua"
viocd_test_1,bio_splits,test,0,0,1,,,cách đọc is rất gOd đó.
viocd_test_2,bio_splits,test,0,0,1,,,"tôi rất thích ứng dụng này, nó giúp cho con tôi nhận biết được mọi thứ bằng tiếng anh và các ngôn ngữ khác.xin cảm ơn."
viocd_test_3,bio_splits,test,0,0,1,,,"vải đẹp, giao nhanh"
viocd_test_7,bio_splits,test,0,0,1,,,"son đẹp, mướt, màu này không lén da, rất tây , phù hợp với nhiều kiểu makeup"
viocd_test_9,bio_splits,test,0,0,1,,,máy tốt giao hàng nhanh chống tư vấn hiệu  quả
viocd_test_13,bio_splits,test,0,0,1,,,"đúng hình, đúng side, giống mô tả"
viocd_test_16,bio_splits,test,0,0,1,,,đóng gói kỹ đầy đủ rất được  cửa hàng
viocd_test_18,bio_splits,test,0,0,1,,,dễ thương  lắm ạ
viocd_test_19,bio_splits,test,0,0,1,,,"giao hàng nhanh, sản phẩm giao theo đúng đơn đặt hàng."
viocd_test_22,bio_splits,test,0,0,1,,,"vải mềm , mát . tôi rất hài lòng về  sản phẩm hẩm"
viocd_test_23,bio_splits,test,0,0,1,,,sét này rất dễ thương hợp với túi tiền mình cũng dễ tính hài lòng cho  cửa hàng   5star
viocd_test_24,bio_splits,test,0,0,1,,,đẹp lắm em được
viocd_test_26,bio_splits,test,0,0,1,,,sản phẩm rat tốt mìh su đúng  được  2ngày mụn giãm dág kể nha.
viocd_test_28,bio_splits,test,0,1,0,,[0:1:COMP],"không gì bàn cải, rẻ xuất xắc"
viocd_test_29,bio_splits,test,0,0,1,,,"dừng rất thích, sản phẩm giống với hình"
viocd_test_30,bio_splits,test,0,0,1,,,đóng gói đẹp nv giao hàng nhiệt tình
viocd_test_32,bio_splits,test,0,0,1,,,"đóng gói cẩn thận, kem chống nắng dùng tốt, phù hợp cho da H thiên dầu như tớ, khô ráo và lên tone nhẹ"
viocd_test_34,bio_splits,test,0,0,1,,,kích hoạt bảo hành cho mình  cửa hàng  ơi
viocd_test_36,bio_splits,test,0,0,1,,,dùng được 3 ngày nhưng cảm thấy rất hiệu  quả  à nha
viocd_test_43,bio_splits,test,0,0,1,,,"tốt, sản phẩm như hình."
viocd_test_45,bio_splits,test,0,0,1,,,"rẻ mà lại chất lượng. ưng lắm luôn. nghĩ có thể sẽ có bị lỗi ấy nhưng không hề, quần vẫn lên form cực xinh luôn. đáng mua"
viocd_test_46,bio_splits,test,0,0,1,,,rất đẹp và mềm môi
viocd_test_48,bio_splits,test,0,0,1,,,son len mau  đẹp
viocd_test_50,bio_splits,test,0,0,1,,,ứng dụng rất hay tôi có thể theo dõi tình hình dịch bệnh mọi lúc mọi nơi cảm ơn bộ y tế đã ra mắt aP này hi vọng chúng ta sẽ đẩy lùi dịch bệnh nguy hiểm này
viocd_test_51,bio_splits,test,0,0,1,,,cảm ơn các bạn đã làm ra trò chơi này tôi rất cảm ơn các bạn đã làm ra đây chơi này nên tôi rất yêu bạn chơi có thể kết bạn và nói chuyện bạn mình bất kỳ lúc nào và bây giờ đang nghỉ hè tôi muốn rất l
viocd_test_52,bio_splits,test,0,0,1,,,ủa sao tải rồi mà không có server để chơi mà mới đầu vô thấy game đánh nhau ùm sèo cũng hơi thú vị hi vọng game sẽ ra sever đánh giá  5star  luôn không nói nhiều
viocd_test_53,bio_splits,test,0,0,1,,,tôi muốn hỏi tại sao? tại sao? tại sao??? tại sao các bạn lại làm một game hay như vậy để những người đã có tí tủi như tôi cũng dành thời gian để chơi??? thật tiếc cho những ai vẫn còn mang tư duy cũ 
viocd_test_54,bio_splits,test,0,0,1,,,"rửa mặt xong thấy đã mịn va sáng hẳn, và rất nhiều bọt. đây là lần thứ nó mua hàng của senka. rất hài lòng"
viocd_test_56,bio_splits,test,0,0,1,,,tốt
viocd_test_61,bio_splits,test,0,0,1,,,"quần đẹp, vãi tốt 👍👍👍"
viocd_test_62,bio_splits,test,0,0,1,,,"hay có thể luyện viết kan gì i và có phần đọc báo. nhưng cho mình hỏi làm sao biết cách ghi khi tra từ ,viết lúc nó đổi hiragana lúc thì kan gì i, tôi chưa rõ lắm. mong giúp đỡ. cảm ơn."
viocd_test_63,bio_splits,test,0,0,1,,,ứng dụng dành học sinh trường tiểu học sơn định
viocd_test_64,bio_splits,test,0,0,1,,,mình thấy quần rất đệp 🙉🙉🙉 một chấm là say  cửa hàng  này rồi
viocd_test_65,bio_splits,test,0,2,0,,[57:64:COMP] | [9:14:COMP],mình nói ngắn gọn cho các bạn mà hay gặp lỗi văng game để sửa nhé. các bạn dùng android thì lên youtube xem cách bật chế độ nhà phát triển. sau đó vào chế độ này. tìm mục giới hạn các xử lí nền và chỉ
viocd_test_68,bio_splits,test,0,0,1,,,đóng goíi kỹ đúng mô tả
viocd_test_73,bio_splits,test,0,0,1,,,"ứng dụng rất hay, cảm ơn admin đã tạo ra ứng dụng này. tôi chỉ đánh giả kiểu ủng hộ chứ không phải bắc buộc đâu nhé, cân nhắc trước khi đánh giá ứng dụng này"
viocd_test_75,bio_splits,test,0,0,1,,,sản phảm hiệu  quả
viocd_test_77,bio_splits,test,0,0,1,,,"nếu ai muốn học tốt tiếng nhật thì nên tải ứng dụng này nhé, mình đã tải và được kohi tặng một quyển sách rất hay về tiếng nhật, đã thế lại còn gửi đến tận nhà nữa - ai không tải thì phí cả cuộc đời😙😙"
viocd_test_78,bio_splits,test,0,0,1,,,dép đẹp êm chân mình rất thích. mua hộ mọi người đều khen
viocd_test_79,bio_splits,test,0,0,1,,,"rửa sạch nhờn ,khô mặt mụn đang bị đỏ lun, rất hài lòng,sẽ ủng hộ tiếp"
viocd_test_80,bio_splits,test,0,0,1,,,hàng chính hãng. ngay sau khi sử dụng đã nhận  được  tin nhắn bảo hành của samsung. thật tuyệt.
viocd_test_82,bio_splits,test,0,0,1,,,sản phẩm tốt
viocd_test_83,bio_splits,test,0,0,1,,,tuyệt vời không gì để chê
viocd_test_85,bio_splits,test,0,0,1,,,chất liệu vải tốt màu cũng đẹp tớ bán hàng online nên sẽ ủng hộ  cửa hàng   cửa hàng  bán hàng chất lượng cho  cửa hàng   5star
viocd_test_91,bio_splits,test,0,0,1,,,"máy tốt, giao hàng 8 ngày sau khi đặt, máy fuLbox new, không biết kích hoạt bảo hành, ai chỉ em với"
viocd_test_93,bio_splits,test,0,0,1,,,quần  quá  đẹp y hì giờ mặt nạ nên mua 😘😘😍
viocd_test_94,bio_splits,test,0,0,1,,,áo quá đẹp luôn ạ
viocd_test_96,bio_splits,test,0,0,1,,,rất đẹp được lắm
viocd_test_98,bio_splits,test,0,0,1,,,"chất son siêu thích, mềm mịn vô cùng, môi mình hay bị khô nhưng tô son vào rất mượt, thích lắm. màu nâu đất pha đỏ nhìn lạ lạ. mua giá khuyến mãi chỉ còn 70k nhưng chất lượng ngoài mong đợi"
viocd_test_100,bio_splits,test,0,0,1,,,quần đẹp nhưng 1m6 mặc hơi ngắn
viocd_test_101,bio_splits,test,0,0,1,,,quần đẹp vải dày dặn dò có dãn tốt đóng gói cẩn thận rất ưng luôn giá cả còn họp lí lần sau sẽ ủng hộ  cửa hàng  tiếp
viocd_test_102,bio_splits,test,0,0,1,,,được ứng dụng rất tốt toi cam ơn nha san xuất
viocd_test_104,bio_splits,test,0,0,1,,,nhanh gọn chúng ta chỉ cần tải Ap về mở bluetOth và vị trí thì xd được ngay ! mặt nạ cùng chung tay góp sức diệt cov
viocd_test_107,bio_splits,test,0,0,1,,,"bộ sản phẩm được đóng gói cẩn thận,...rất được nhưng chưa sử dụng nên không biết kết  quả"
viocd_test_108,bio_splits,test,0,0,1,,,tinh chất giúp giảm thâm và nám đáng kể dù mới sử dụng. nên kết hợp với toNer của hada labo sẽ có hiệu  quả  rõ rệt.
viocd_test_111,bio_splits,test,0,0,1,,,em cực thích vitamin chị của melano. dù hàm lượng thấp nhưng dùng lâu dài và gắn bó thì ưng cực kỳ ạ
viocd_test_115,bio_splits,test,0,0,1,,,dùng  được  khoảng 15 ngày hơn rồi thấy nám chưa giảm rõ rệt lămz nhưng thấy da sáng và bóng hơn và có chút se khít lỗ chân lông
viocd_test_116,bio_splits,test,0,0,1,,,giao hàng nhanh  sản phẩm  thấy nhẹ chưa sử dụng không biết có hợp không
viocd_test_119,bio_splits,test,0,0,1,,,"máy chính hãng, nguyên seal, đẹp. chờ kích hoạt bảo hành"
viocd_test_121,bio_splits,test,0,0,1,,,trò chơi này rat vui va co thể rèn luyện cho đôi tay của mình nhanh hơn và nhiều hơn nữa là có những bài hát hay nữa tôi rất thích trò chơi này
viocd_test_124,bio_splits,test,0,0,1,,,"tuỳ với mỗi loại da mà có tác dụng khác nhau. da của mình rất hợp với loại sản phẩm này, dùng rất hiệu  quả . bên cạnh đó khi mua một bộ như thế này rất tiết kiệm, rẻ hơn nhiều rất với mua lẻ từng sản"
viocd_test_126,bio_splits,test,0,0,1,,,ứng dụng này có đảm bảo bảo mật thông tin cá nhân của người dùng không và dựa trên nguyên tắc nào để tin tưởng cho bảo mật đó?!
viocd_test_127,bio_splits,test,0,0,1,,,"sản phẩm  dưỡng ẩm, se lỗ chân lông (đặc biệt tốt khi dùng kèm lotion). dùng lâu thấy có trắng lên chút đó"
viocd_test_128,bio_splits,test,0,0,1,,,số xài được lắm nhé
viocd_test_131,bio_splits,test,0,0,1,,,sản phẩm  được shipber nhiet tinh ..cam on..
viocd_test_132,bio_splits,test,0,0,1,,,vãi được lắm
viocd_test_133,bio_splits,test,0,0,1,,,aP hữu ích
viocd_test_134,bio_splits,test,0,0,1,,,sản phẩm đóng gói tốt. mùi thơm nhẹ. sử dụng ok. sẽ quay lại ủng hộ
viocd_test_135,bio_splits,test,0,0,1,,,"giao hàng nhanh , đón gói cẩn thận , hàng xài dịu nhẹ không gây kích ứng da ( trong quá trình sử dụng mình lỡ là dơ lọ thôi )"
viocd_test_137,bio_splits,test,0,0,1,,,vải được lăm nha ..vải mịn
viocd_test_139,bio_splits,test,0,0,1,,,hàng chính hãng đất yêu cầu đã dùng một tháng được
viocd_test_141,bio_splits,test,0,0,1,,,"quần cũng tạm được thôi, tiền nào của đó nhé mọi người"
viocd_test_144,bio_splits,test,0,0,1,,,son mền... lên chuẩn màu.... thích lắm lắm luôn
viocd_test_146,bio_splits,test,0,0,1,,,"quần cũng tạm được thôi, tiền nào của đó nhé mọi người"
viocd_test_147,bio_splits,test,0,0,1,,,game muốn thu nhập cao thì phải chiều lòng người chơi là phần nhiều sau đấy càng ngày họ sẽ càng yêu thích và cống hiến hết mình cho game lúc đấy sẽ nhiều người nạp game và thu nhập sẽ cao nếu như lúc
viocd_test_148,bio_splits,test,0,0,1,,,vãi tạm ổn
viocd_test_149,bio_splits,test,0,0,1,,,rất hợp với dáng em  5star   nhé
viocd_test_150,bio_splits,test,0,0,1,,,"tinh chất vitamin chị nhưng có chiết xuất thảo đậu khấu và bổ sung thêm vitamin em nữa, thực sự dùng cải thiện da khoẻ và sáng lên rất ổn luôn"
viocd_test_151,bio_splits,test,0,0,1,,,giao hàng nhanh
viocd_test_155,bio_splits,test,0,0,1,,,giao nhanh bất ngờ
viocd_test_159,bio_splits,test,0,0,1,,,sản phẩm được lắm
viocd_test_162,bio_splits,test,0,0,1,,,"đóng gói cẩn thận, chắc chắn. hàng giao nhanh, đặt ngày 136 mà 156 đã có hàng sản phẩm dùng rất thích, rất phù hợp với da của mình. lúc trước là chỉ mua lẻ một chai sữa rửa mặt nhưng giờ mua luôn hẳn "
viocd_test_163,bio_splits,test,0,0,1,,,áo in quá đẹp ạ
viocd_test_165,bio_splits,test,0,0,1,,,"rất thích , rất  đẹp tuyệt vời  , rất real , rất ..."
viocd_test_166,bio_splits,test,0,0,1,,,"tại sao các chốt kiểm soát của các tỉnh thành vẫn không chấp nhận phương pháp khai báo y tế bluezone, mà vẫn yêu viết giấy"
viocd_test_167,bio_splits,test,0,0,1,,,sản phẩm được lắm.. tặng 5 star
viocd_test_168,bio_splits,test,0,0,1,,,đóg gói cẩn thận  cửa hàng  thân thiện chiều khách hàng đáng tiền
viocd_test_169,bio_splits,test,0,0,1,,,thi thật có dạng như này hay khác vậy
viocd_test_171,bio_splits,test,0,0,1,,,đầm đẹp lắm nha  cửa hàng
viocd_test_176,bio_splits,test,0,0,1,,,"áo đẹp ,đúng mẫu ,đúng vải như hình mô tả mình 1m64 nặng 53 không mặc vừa  cỡ  xin lỗi . giao hàng đúng màu ,đúng  cỡ  ,giao hàng nhanh"
viocd_test_178,bio_splits,test,0,0,1,,,"aP có giao diện đẹp, chạy mượt, nội dung bài học đầy đủ, tiện ích giúp mọi người dễ dàng học tập"
viocd_test_180,bio_splits,test,0,0,1,,,sản phẩm đúng mẫu. đóng gói cẩn thận. chất lượng sản phẩm khá là tương đối
viocd_test_181,bio_splits,test,0,0,1,,,hàng rất đẹp
viocd_test_183,bio_splits,test,0,0,1,,,"giao hàng nhanh, đóng gói kĩ càng, dùng thử và có mùi chanh dịu nhẹ khá thích. mới xài nên chưa biết tác dụng ra sao.nếu tốt sau này sẽ quay lại mua tiếp"
viocd_test_184,bio_splits,test,0,0,1,,,"đúng chát, vãi mịn. nen mua."
viocd_test_188,bio_splits,test,0,0,1,,,bộ trị mụn thật sự có côg dụg giảm bớt. nhưng sản phẩm này muốn côg dụg thì da mặt ít mụn thì sẽ có tác dụg. da mặt mình ít mụn nên dùng cảm thấy dần giảm bớt.
viocd_test_191,bio_splits,test,0,0,1,,,quan mang rat được
viocd_test_193,bio_splits,test,0,0,1,,,chât lượng  5star
viocd_test_198,bio_splits,test,0,0,1,,,"giao hàng nhanh,  sản phẩm  chất lượng. tin dùng!"
viocd_test_199,bio_splits,test,0,0,1,,,vải tốt
viocd_test_201,bio_splits,test,0,0,1,,,"mình rất thích những sản phẩm của rohto đặt biệt là nhãn_hiệu C và hiện tại là tuýp thứ 2 rồi, tàn nhang của mình lâu năm nhưng thấy mờ hẳn."
viocd_test_202,bio_splits,test,0,0,1,,,"nguyên đai nguyên kiện , xài rất được ."
viocd_test_203,bio_splits,test,0,0,1,,,"mình sẽ giải thích hộ các bạn chưa biết đặt tên nhé. tên nhân vật chỉ có tối đa là 8 ký tự nao gồm cả dấu khoảng cách, nếu mặt nạ đặt tên chưa tới 8 ký tự mà nó hiện lên là không được để trống thì mặt"
viocd_test_205,bio_splits,test,0,0,1,,,"mới đặt hôm qua mà hôm nay đã có rồi, giao hàng cực nhanh. hàng mới nguyên seal luôn. với mức giá như thế thì không đòi hỏi gì thêm nữa. rate  5star   ủng hộ  cửa hàng"
viocd_test_206,bio_splits,test,0,0,1,,,"thật tuyệt vời. cảm ơn đội ngũ xây dựng game. mình có một thắc mắc nhỏ. ở phần luyện đọc kan gì i n3 bài 18, 届け出すđược viết lại là とどけでる. nó không được thống nhất."
viocd_test_209,bio_splits,test,0,0,1,,,vải đẹp giống hình giá tốt
viocd_test_212,bio_splits,test,0,0,1,,,"tôi mới cho bé học thử thấy bé rất thích thu và say sưa với các bài học . mỗi bài học đều kèm các hình rất thật giúp các bé dễ hình dung , cuối mỗi bài có bài cho bé ktra kiêbs thức học. tôi rất hài l"
viocd_test_216,bio_splits,test,0,0,1,,,ứng dụng rất tuyệt vời. vừa học vừa có trắc nghiệm để ôn tập.
viocd_test_219,bio_splits,test,0,0,1,,,dép đẹp y hình nha
viocd_test_222,bio_splits,test,0,0,1,,,dép đẹp giá rẻ mua lúc giảm giá mọi người nên mua cho  cửa hàng  nha mình thấy vừa ý tặng  5star
viocd_test_223,bio_splits,test,0,0,1,,,máy chưa được kích hoạt bảo hành
viocd_test_225,bio_splits,test,0,0,1,,,yêU!!!! đủ sạch nhưng không khô như chai xanh dương. còn có giảm mụn không thì dùng một thời gian mới đánh gia được
viocd_test_227,bio_splits,test,0,0,1,,,giao dung mau y hình ảnh  đẹp  rất voi gia tien
viocd_test_229,bio_splits,test,0,0,1,,,tuyệt vời!!! sản phẩm giúp người tự học có môi trường thực hành đủ 4 kỹ năng nghe nói đọc viết
viocd_test_230,bio_splits,test,0,0,1,,,đẹp lắm ạ sẽ mua thêm của  cửa hàng  lâu dài
viocd_test_231,bio_splits,test,0,0,1,,,hàng ưng lắm.tôi cảm ơn
viocd_test_233,bio_splits,test,0,0,1,,,không biết đã dùng đến chai thứu mấy rồi lúc trước mình cũng đã dùng qua rất nhiều loại nhưng ưng nhất vẫn là loại này 🤩
viocd_test_236,bio_splits,test,0,0,1,,,vải đẹp.hag được
viocd_test_237,bio_splits,test,0,0,1,,,đã nhận nguyên seal
viocd_test_239,bio_splits,test,0,0,1,,,sản phẩm đóng gói tỉ mỉ. ưng
viocd_test_240,bio_splits,test,0,0,1,,,sau 30p trải nghiệm thì quay lại cho  5star  ngay và luôn. vì sao á? vì ứng dụng này có thể tạo cho tôi sự hứng thú với việc học ngay từ khi bắt đầu. bảng chữ cái có viết mẫu từng nét và âm thanh đọc 
viocd_test_244,bio_splits,test,0,0,1,,,"đã nhận hàng nguyên seal, phụ kiện đầy đủ. nhờ  cửa hàng  kích hoạt bảo hành nhanh dùm. cám ơn"
viocd_test_247,bio_splits,test,0,0,1,,,hang  đẹp  dung nhu quang cao
viocd_test_253,bio_splits,test,0,0,1,,,chất liệu vải tốt. tôi rất thích.. anh sip dễ thương
viocd_test_255,bio_splits,test,0,0,1,,,rất hài lòng với  sản phẩm  đường may thật chắc không làm tôi thất vọng mà  5star  nhà  cửa hàng
viocd_test_257,bio_splits,test,0,0,1,,,chị nhận hàng rồi đẹp và được lắm
viocd_test_260,bio_splits,test,0,0,1,,,được như vậy thì giờ đây đã từng có
viocd_test_261,bio_splits,test,0,0,1,,,"mình dùng 2 tháng rồi, không thấy tác dụng nhưng mình sẽ mua lại vì có cảm giác tinh chất thấm vào da, thấy cũng yên tâm lắm."
viocd_test_262,bio_splits,test,0,1,0,,[5:10:COMP],"sản phẩm gel trị mụn không có tác dụng nhiều vẫn đang trong quá trình sử dụng . sửa rửa mặt thì quá được rất hợp với da thường, còn lọ dung dịch thì làm da bóng lên mà không có dầu cũng ok, quà tặng t"
viocd_test_264,bio_splits,test,0,0,1,,,"hàng đẹp lắm luôn hơn cả mong đợi, có chữ crocs nhìn như chính hãng ạ,  cửa hàng  tư vấn nhiệt tình, em sẽ ủng hộ  cửa hàng  lần sau."
viocd_test_267,bio_splits,test,0,0,1,,,tốt..giao hàng nhanh..kỹ càng..sd hiệu  quả
viocd_test_273,bio_splits,test,0,0,1,,,hàng được shiPer cũng oke.. mặt nạ ủng hộ  cửa hàng  nhé
viocd_test_274,bio_splits,test,0,0,1,,,"trò chơi rất vui tôi rất thích, rất tuyệt vời"
viocd_test_276,bio_splits,test,0,0,1,,,"quần đẹp, xịn sò, giá rẻ, giao nhanh"
viocd_test_281,bio_splits,test,0,0,1,,,làm sao kích hoạt bảo hành vậy  cửa hàng
viocd_test_282,bio_splits,test,0,0,1,,,"váy đẹp,ko lỗi ,y hình, sẽ ủng hộ  cửa hàng  tiếp"
viocd_test_283,bio_splits,test,0,0,1,,,giao hàng đúng mẫu giống hình rất đẹp nhé  cửa hàng
viocd_test_289,bio_splits,test,0,0,1,,,chai trước mình xài vừa sức lên da sẽ hơi nóng xíu. mà chai này mình sức lên không có cảm giác nóng là sao ạ
viocd_test_290,bio_splits,test,0,0,1,,,kích hoạt bảo hành điện tử giùm mình nhé cảm ơn  cửa hàng
viocd_test_291,bio_splits,test,0,0,1,,,"đầm đẹp , đúng  cỡ  , đúng màu, giá này mà được đầm vậy quá ổn , hàng việt nam nên mình rất thích , giao hàng nhanh ,  cám ơn"
viocd_test_293,bio_splits,test,0,0,1,,,ứng dụng này rất hữu ích lắm đó mọi người
viocd_test_294,bio_splits,test,0,0,1,,,sài tốt. đúng sản phẩm. mùi hương dễ chịu
viocd_test_298,bio_splits,test,0,0,1,,,áo đẹp lắm  cửa hàng  ơi các bạn yên tâm mua đi bán rẻ mà đẹp nữa được
viocd_test_300,bio_splits,test,0,0,1,,,"gia hàng nhanh,  sản phẩm  đúng mô tả chính hãng, da mụn nên mua xài lần đầu. hi vọng có kết  quả  tốt.  cám ơn   cửa hàng"
viocd_test_301,bio_splits,test,0,0,1,,,sài thích lắm ạ giá lại rẻ
viocd_test_303,bio_splits,test,0,0,1,,,đúng chất vải
viocd_test_304,bio_splits,test,0,0,1,,,xài tốt lắm mặt nạ ạ
viocd_test_305,bio_splits,test,0,0,1,,,giao hàng rất nhanh nha...  sản phẩm  chưa xài nên chwua biết nè.. nhưng có mùi thơm... đóng gói cực kĩ
viocd_test_307,bio_splits,test,0,0,1,,,hợp giá tiền
viocd_test_310,bio_splits,test,0,0,1,,,cung duoc.hop gia tien
viocd_test_311,bio_splits,test,0,0,1,,,hàng giao nhanh.đóng gói kỉ ạ.hàng được lắm  cửa hàng
viocd_test_314,bio_splits,test,0,0,1,,,hàng được lắm😊
viocd_test_315,bio_splits,test,0,0,1,,,"tôi cho  5star  vì game này rất hay. tôi có thể tập đàn , có thể giải trí và game này chơi cũng hay nên mong nhà sản xuất cho thêm nhiều game hay như thế này nữa nha 😀 tôi thích lắm đấy."
viocd_test_316,bio_splits,test,0,0,1,,,mịn nhẹ cover khá tốt. kiềm dầu cũng rất tốt mua bản đầu nhấn dễ lấy kem hơn bản đổ. rất hài lòng. mình nghĩ màu son hợp với người đứng tuổi hơn
viocd_test_317,bio_splits,test,0,0,1,,,tuyệt vời!
viocd_test_318,bio_splits,test,0,1,0,,[4:6:COMP],nó rất vui nhưng hơi lag do điện thoại tôi khá yếu nên điện thoại của bạn mà mượt thì tải thử đi nhé nó sẽ gây nghiệng đó-.-
viocd_test_320,bio_splits,test,0,0,1,,,"sữa rửa mặt giá thấp nhưng chất lượng rất ổn nha, sau khi sử dụng thì mặt không bị khô hoặc rít, hiệu  quả  ngăn ngừa mụn cũng có, giao hàng nhanh"
viocd_test_321,bio_splits,test,0,0,1,,,"ứng dụng rất hay,người dân nên sử dụng để chung tay một phần nào đó chống dịch bệnh.mong ứng dụng sẽ được  quả người bá đến tất cả mọi người để biết được một ứng dụng tuyệt vời như vậy 👍"
viocd_test_323,bio_splits,test,0,0,1,,,vải đẹp chất lượng tốt đáng với số tiền nên ủng hộ  cửa hàng
viocd_test_328,bio_splits,test,0,0,1,,,chưa biết có đỡ mụn không nhưng giao hàng siêu nhanh 💖
viocd_test_329,bio_splits,test,0,0,1,,,chuẩn  cỡ  nha.
viocd_test_330,bio_splits,test,0,0,1,,,được đồ y như hình  cửa hàng  giao hàng lẹ
viocd_test_333,bio_splits,test,0,0,1,,,"cửa hàng  giao hàng nhanh, đóng gói kĩ nữa sẽ ủng hộ  cửa hàng  👍"
viocd_test_334,bio_splits,test,0,0,1,,,bhe gì d gì sb gì maBsHs chất lượng tốt đóng gói đẹp vhs gì d gì đnbd gì kbd gì drdaN
viocd_test_335,bio_splits,test,0,0,1,,,hàng tốt như hình
viocd_test_336,bio_splits,test,0,0,1,,,mọi người nên chơi trò chơi đánh đàn nhá trò chơi này chơi rất vui nhưng mọi người chơi ít thôi không xe bị hỏng mất đấy ::: còn nhiều trò vui hơn như là chạy và còn nhiều trò chơi khác vui hơn các bạ
viocd_test_337,bio_splits,test,0,0,1,,,giao hàng nhah dong goi can than
viocd_test_341,bio_splits,test,0,0,1,,,hàng mới chưa khui! but bảo hành thế nào  cửa hàng ?
viocd_test_342,bio_splits,test,0,0,1,,,trên ứng dụng tôi có thể nhắn tin với bạn bè . còn có thể theo dõi thần tượng của mình nhiều hơn nên tôi thấy thích ứng dụng . cũng có một vài lỗi nhỏ nhưng tôi vẫn cho  5star  để ủng hộ nhà sản suất 
viocd_test_344,bio_splits,test,0,0,1,,,son lên môi đẹp.
viocd_test_346,bio_splits,test,0,0,1,,,"khá hay ! dễ kiếm kim cương, nạp cũng vừa phải, trả tiền thì đương nhiên mạnh, nhưng dân cày cũng có thể chơi được...nên có những hoạt động nhỏ khuyến khích các bạn frE player bên cạnh những event nạp"
viocd_test_347,bio_splits,test,0,0,1,,,"hàng chính hãng,nguyên seal, cửa hàng  giao hàng cực nhanh và đã kích hoạt bảo hành máy cho khách sau một ngày nhận hàng,cảm ơn  cửa hàng !"
viocd_test_350,bio_splits,test,0,0,1,,,positive  mọi người rất may mắn khi biết đến game này đó| game này giúp mọi người giải (sì trét)| âm nhạc có thể thoả mãn được tất cả mọi người 😄| và còn có thể chơi chung với người khắp nơi 😘😘hay lắm
viocd_test_352,bio_splits,test,0,0,1,,,giao hàng nhanh đong gói cẩn thật sẽ trung quốc thành với  cửa hàng  lâu dài ()
viocd_test_357,bio_splits,test,0,0,1,,,"máy mới nguyên seal, hàng chính hãng. rất đáng tiền"
viocd_test_358,bio_splits,test,0,0,1,,,"mùi rất thơm, giúp tôi giảm được nhiều mụn"
viocd_test_359,bio_splits,test,0,0,1,,,"giao hàng nhanh, sản phẩm nguyên vẹn và rất ưng ý trong khâu gói hàng. đã dùng thử bộ mini trị mụn nhanh, giá rẻ mà đủ ẩm không khô không đổ dầu nên mua phiên bản fuL để trải nghiệm tiếp. cảm ơn lazad"
viocd_test_360,bio_splits,test,0,1,0,,[35:39:COMP],mình đã trời game này hơn một năm rồi và thấy nó rất được tốt cho các máy androi tầm trung. sẽ có nhiều bạn không thể cập nhật tin tức về game được nên rất khó phổ biến các lỗi bổ sung thường xảy ra v
viocd_test_361,bio_splits,test,0,0,1,,,"mình dùng thấy được, da mình đỡ nhờn và hạn chế mụn, mình rất hài lòng. cảm ơn lazada,  sản phẩm  được đóng gói cẩn thận"
viocd_test_362,bio_splits,test,0,0,1,,,"giao hàng nhanh, hàng chất lượng!"
viocd_test_363,bio_splits,test,0,0,1,,,máy dùng ổn nghe gọi rõ nét.hàng tốt trong tầm giá
viocd_test_365,bio_splits,test,0,0,1,,,cao m63 mặc hơi ngắn ạ còn quần đẹp hình nè
viocd_test_371,bio_splits,test,0,0,1,,,đẹp về đúng mẫu giao cực nhanh ❤
viocd_test_372,bio_splits,test,0,0,1,,,đóng gói rất cẩn thận. mở hộp ra thất rất ok. trải nghiệm thử thấy pin trâu máy xài khá tốt. giá vừa phải. đáng để mua đó mọi người!
viocd_test_373,bio_splits,test,0,0,1,,,đồ đẹp không chỗ nào chê
viocd_test_374,bio_splits,test,0,0,1,,,ao mau ma  đẹp  vua voi gia tien
viocd_test_376,bio_splits,test,0,0,1,,,"sản phẩm tốt,  cửa hàng  phục vụ tốt từ chất lượng dịch vụ tới chất lượng sản phẩm"
viocd_test_377,bio_splits,test,0,0,1,,,sản phẩm tốt
viocd_test_379,bio_splits,test,0,0,1,,,mình xài được 3 ngày và mụn cũng giảm bớt
viocd_test_380,bio_splits,test,0,0,1,,,tôi rất thích và tôi rất tự hào về cái này nó nghe nhạc thì tôi nói sao cũng biết nữa nhưng mà là nó rất hay và nổi tiếng tôi cho năm sau và tôi nghĩ là mọi người dùng không sao hết mọi người dùng nha
viocd_test_381,bio_splits,test,0,0,1,,,"tôi thích phần từ được sử dụng trong thực tế. rất thiết thực, hay lắm. aP nên phát triển phần áp dụng vào thực tế hoặc trong từng trường hợp cụ thể.ありがとうございます.頑張りましょう。"
viocd_test_382,bio_splits,test,0,0,1,,,sản phẩm dùng được
viocd_test_383,bio_splits,test,0,0,1,,,hàng đẹp in hình ủng hộ  cửa hàng  nha mn❤
viocd_test_387,bio_splits,test,0,0,1,,,hàng như mong đọi
viocd_test_388,bio_splits,test,0,0,1,,,"tôi rất vui khi chơi game magic tiles 3 no g yêu p cho tôi nhanh nhạy hơn cũng rất hay, tôi mong các bạn sẽ được nhiều người đánh giá  5star  để gamer càng ngày càng hot hơn."
viocd_test_389,bio_splits,test,0,0,1,,,quá tuyệt vời
viocd_test_390,bio_splits,test,0,0,1,,,hàng chuẩn chính hãng rất nên mua
viocd_test_393,bio_splits,test,0,0,1,,,"nhận hàng xong bở ngở, quá đẹp"
viocd_test_397,bio_splits,test,0,0,1,,,"áo gia đình may quá đẹp luôn, đặt cho cả nhà 9 cái ai cũng thích hết"
viocd_test_398,bio_splits,test,0,0,1,,,đẹp tiếp tục ủng hộ  cửa hàng
viocd_test_400,bio_splits,test,0,0,1,,,gói hàng cẩn thận..  hạn sử dụng  xa..
viocd_test_402,bio_splits,test,0,0,1,,,sản phẩm này quá tuyệt vời luôn mọi người ạ em sử dụng xong là thích cực luôn mọi người ủng hộ maybiline nhé
viocd_test_405,bio_splits,test,0,0,1,,,"quần gióng hình, con gái mình thích. cho  cửa hàng   5star"
viocd_test_407,bio_splits,test,0,0,1,,,"vải đẹp! được lắm, shiper vui vẻ, dễ thương!  5star  nhé  cửa hàng !"
viocd_test_411,bio_splits,test,0,0,1,,,em cảm ơn dungmori nhiều ạ
viocd_test_412,bio_splits,test,0,0,1,,,dép đẹp mua thiếp
viocd_test_415,bio_splits,test,0,0,1,,,"dép đẹp mềm mại , nếu chân hơi tròn lớn hơn một cỡ  sẽ mang thoải mái . gửi  cửa hàng   5star  vì hàng đẹp giá rẻ . nvgh quá dễ thương"
viocd_test_420,bio_splits,test,0,0,1,,,ứng dụng tốt . bỏ vài phút ra để nói cách sử dụng phù hợp cho các bạn khi dùng chúng ta nên để khoảng lường mực chừng tù 15>>>20 phần trăm . nếu tăng nữa thì ngược lại có thể làm chúng ta hư hao về lo
viocd_test_421,bio_splits,test,0,0,1,,,"xài nhãn_hiệu lâu rồi, rất yên tâm khi xài sản phẩm của nhãn_hiệu"
viocd_test_422,bio_splits,test,0,0,1,,,"game hay, đồ hoạ đẹp không chê vào đâu  được , các bạn trg game rất vui nhộn , hoà đồng và đặc biệt là tôn trọng nhau... các bạn ai chưa chơi hãy vào chơi đi đảm bảo sẽ không phụ lòng mong muốn của cá"
viocd_test_424,bio_splits,test,0,0,1,,,"san phẩm như hình , đóng gói cẩn thận"
viocd_test_427,bio_splits,test,0,0,1,,,sản phẩm dùng thích lắm ạ
viocd_test_432,bio_splits,test,0,0,1,,,hàng vừa rẻ vừa đẹp ạ cho fuL  5star  vì anh shiPer rất dễ thương ạ😆
viocd_test_433,bio_splits,test,0,0,1,,,hàng đẹp lắm giao hàng rất nhanh
viocd_test_438,bio_splits,test,0,0,1,,,chưa xài nên chưa  bình thường
viocd_test_442,bio_splits,test,0,0,1,,,"tôi rất thích nó, đồ hình vuông.nhờ game này tôi đã có kênh và tôi đã có 99999 like."
viocd_test_444,bio_splits,test,0,0,1,,,. hàng được 1. shiPer được 10 ....  5star  star star star star ❤..
viocd_test_445,bio_splits,test,0,0,1,,,đóng gói cẩn thận👌
viocd_test_446,bio_splits,test,0,0,1,,,"đóng gói kĩ càng ,giao hàng nhanh. sản phẩm có mùi khá thơm ,dịu nhẹ không gây kích ứng da"
viocd_test_447,bio_splits,test,0,0,1,,,"chất son đẹp, màu son thịnh hành, đã sử dụng đến cây thứ 3, đóng gói cẩn thận, rất hài lòng và sẽ đồng hành dài dài"
viocd_test_451,bio_splits,test,0,1,0,,[9:16:COMP],"mình có mua 4 áo bên  cửa hàng  , áo bị một chấm đen có xíu mình nói  cửa hàng  khỏi đổi cho mình cũng  được  vậy mà hôm sau có anh nhân viên ten ten tới đổi cho mình cái mới. cho  cửa hàng  5 1star  "
viocd_test_453,bio_splits,test,0,0,1,,,hàng được nhé
viocd_test_463,bio_splits,test,0,0,1,,,"lần đầu tiên sử dụng sản phẩm của maybeLine hơn cả mong đợi. sẽ tiếp tục ủng hộ, mọi người nên mua giá rẻ nhữngchất lượng rất tốt."
viocd_test_464,bio_splits,test,0,0,1,,,sản phẩm  như hình  cửa hàng  tư vấn kĩ càng mặt nạ nên mua
viocd_test_465,bio_splits,test,0,0,1,,,máy mới fuL seal fuL box. hên mua vào đúng lúc giảm giá sốc nên chỉ tốn 3 chai 😁😁😁
viocd_test_469,bio_splits,test,0,0,1,,,đã dùng nhiều lần 💕 rất tin tưởng bên  cửa hàng
viocd_test_473,bio_splits,test,0,0,1,,,quần đẹp mặt vừa ý
viocd_test_474,bio_splits,test,0,0,1,,,sản phẩm được gói cẩn thận. cảm thấy da mướt và sáng hơn khi sử dụng. nhìn chung khá ưng ý về sản phẩm.
viocd_test_475,bio_splits,test,0,0,1,,,rất tuyệt vời cho  5star
viocd_test_477,bio_splits,test,0,0,1,,,"giao hàng nhanh, đóng gói cẩn thận, điên thoại đẹp"
viocd_test_478,bio_splits,test,0,0,1,,,"rất bổ ích,rất tốt cho trẻ em"
viocd_test_479,bio_splits,test,0,0,1,,,cũng xịn
viocd_test_487,bio_splits,test,0,0,1,,,đúng chính hãng
viocd_test_488,bio_splits,test,0,0,1,,,"giao hàng nhanh vãi nồi, chả nhẽ cho   1star   vì nhanh quá"
viocd_test_489,bio_splits,test,0,0,1,,,vải đẹp rất thích . sẽ ủng hộ  cửa hàng
viocd_test_490,bio_splits,test,0,0,1,,,"giao hàng nhanh,hàng chính hãng ,đóng gói cẩn thận"
viocd_test_493,bio_splits,test,0,0,1,,,hàng ok.so với giá tiền  5star  vận chuyển nhanh. nhân viên giao hàng nhiệt tình thái độ tốt
viocd_test_494,bio_splits,test,0,0,1,,,"giao hàng nhanh, hàng xịn chính hãng. mua trên lzd thì rẻ, không biết mọi người cứ mất công đi mua hàng xách tay làm gì vừa không rõ nguồn gốc mà cungz đắt"
viocd_test_496,bio_splits,test,0,0,1,,,mới gội thấy bớt ngứa. để sử dụng lâu coi có hiệu  quả  kg.
viocd_test_497,bio_splits,test,0,0,1,,,các bạn nên dùng thử..rất hiệu  quả ...lazada rất đág tin cậy shiPer giao hàng đúg hẹn..thân thiện..nói chung cực thích mua sắm ở lazada
viocd_test_499,bio_splits,test,0,0,1,,,"gói hàng cẩn thận , kem bôi tệp vô da nhah , có mùi thơm nhẹ , sau khi tẩy trag cảm giác  được  dưỡng nhẹ không bị khô da"
viocd_test_500,bio_splits,test,0,0,1,,,"thực sự xài êm lắm, hết gàu ngay lần gội đầu tiên luôn ấy, tới lúc tóc sắp dơ cũng không thấy gàu. mà lại không bị khô tóc nữa chứ! mình đã thử nhiều loại,  gì o mới thấy em ấy!"
viocd_test_502,bio_splits,test,0,0,1,,,"giao hàng nhanh, hàng nguyên seal. vui lòng kích hoạt bảo hành"
viocd_test_506,bio_splits,test,0,0,1,,,sản phẩm của nhãn_hiệu khá phù hợp với da của mình mình sử dụng sản phẩm cũng lâu rồi sản phẩm rất tốt ❤❤
viocd_test_507,bio_splits,test,0,0,1,,,"màu đẹp, chất tốt và siêu siêu mềm mại không gây khô môi"
viocd_test_508,bio_splits,test,0,0,1,,,"hợp với màu da của mình,  sản phẩm  được giao hàng nhanh chóng"
viocd_test_509,bio_splits,test,0,0,1,,,mình mua áo gia đình này mặc thích được cảm ơn  cửa hàng  cho mình sản phẩm ưng ý
viocd_test_510,bio_splits,test,0,0,1,,,"cái gì đây, game mà tôi rất thích và sống để chơi , thế mà giờ lại có nhiều người khó chịu vậy sao , thật đau lòng nhưng cũng chưa chắc khi  không  họ nói như vậy, một loại game cộng đồng mang tính ch"
viocd_test_511,bio_splits,test,0,0,1,,,"dùng thử được 4 ngày (xen kẽ với bồ kết) trước mắt không thấy gầu, không biết bao giờ bị lại."
viocd_test_513,bio_splits,test,0,0,1,,,"giao hàng nhanh cực, mới đặt chiều qua mà hôm nay đã có."
viocd_test_516,bio_splits,test,0,0,1,,,nhận hàng đúng như trong hình. fuL box. cảm ơn  cửa hàng
viocd_test_520,bio_splits,test,0,0,1,,,"đầm y hình ,đẹp, chất lượng phù hợp với giá tiền mọi người nên mua ở  cửa hàng  nay"
viocd_test_521,bio_splits,test,0,0,1,,,"tôi dùng rất lâu rồi thấy tiện lợi mà còn đáng yêu nữa trong khi : người dùng thì đời cũ (1955) máy Sung thì đời đầu ,  quả người cáo chút không sao vì nó là sức đẩy cho sự phát triển ứng dụng cũng nh"
viocd_test_524,bio_splits,test,0,0,1,,,sản phẩm được
viocd_test_525,bio_splits,test,0,0,1,,,"game này hay lắm các bạn nhớ tải nha . cho  5star  luôn . mình đã có lần đứng hạng 2 và nặng 380,866 không"
viocd_test_527,bio_splits,test,0,0,1,,,"đây là phần mềm tra từ điển hữu ích nhất mà tôi đã dùng, không chỉ dừng lại ở việc tra từ điển, mà tflat còn giúp cho người dùng học thêm từ vựng theo từng mục đích học, tích hợp chơi game giúp học từ"
viocd_test_528,bio_splits,test,0,0,1,,,sản phẩm  tốt mùa rất rất thơm luôn mua đây lần đầu mua hàng ở  cửa hàng  cảm thấy rất tuyệt. mua trúng dịp sale rồi rẻ luôn cám ơn  cửa hàng  ♥♥♥♥♥
viocd_test_532,bio_splits,test,0,0,1,,,"chất vải đẹp, sẽ ủng hộ  cửa hàng ."
viocd_test_533,bio_splits,test,0,0,1,,,"chất lượng rất tốt, đã mua 2 lần"
viocd_test_534,bio_splits,test,0,0,1,,,mượt mà lắm ngon trong tầm giá
viocd_test_536,bio_splits,test,0,0,1,,,tôi rất thích cả nhà trò chơi này trò chơi này thì mà tôi đã vượt quá 2 thì nó cực kỳ nhanh tuổi liên tiếp từ một đến 2 là 3 là tôi đã bỏ cuộc sống của đó thì tôi cũng sẽ ổn định ra vì tôi thấy nó rất
viocd_test_537,bio_splits,test,0,0,1,,,sản phẩm chất lượng
viocd_test_538,bio_splits,test,0,0,1,,,rất tốt luôn á sieu đẹp..
viocd_test_541,bio_splits,test,0,0,1,,,hàng  được  đóng gói 3 lớp cẩn thận. mới đặt tối hôm qua sáng nay đã giao rồi
viocd_test_543,bio_splits,test,0,0,1,,,hàng đẹp giao đúng  cỡ .sẽ ủng hộ  cửa hàng  tiếp tục
viocd_test_545,bio_splits,test,0,0,1,,,chính hãng xài thích
viocd_test_546,bio_splits,test,0,0,1,,,đồ rất đẹp
viocd_test_547,bio_splits,test,0,0,1,,,đỡ hơn sau một tháng sử dụng
viocd_test_548,bio_splits,test,0,0,1,,,da mình thuộc dạng da hỗn hợp thiên dầu khá khó chiều nên việc tìm kiếm loại kem chống nắng phù hợp cũng khá nan giải hì hì. nghe đến kem chống nắng aneSa từ các group làm đẹp đã lâu nhưng chưa dám th
